date,length,dstip,dstport,highest_layer,delta,ack_flag,microphone,content_type,synchronized,class
2022-01-15 12:57:32.384759,77,104.199.65.124,4070,2.0,0,1,0,,1,syn
2022-01-15 12:57:32.447782,66,104.199.65.124,4070,1.0,0,1,0,,1,ack
2022-01-15 12:57:35.932216,100,52.95.121.5,443,0.0,0,1,0,23.0,1,syn
2022-01-15 12:57:45.765922,66,104.199.65.124,4070,1.0,13318,1,0,,1,ack
2022-01-15 12:57:51.248863,351,52.95.121.5,443,0.0,15316,1,0,23.0,1,not_justified
2022-01-15 12:57:51.344725,54,52.95.121.5,443,1.0,95,1,0,,1,ack
2022-01-15 12:58:03.221002,77,104.199.65.124,4070,2.0,0,1,0,,1,syn
2022-01-15 12:58:03.289228,66,104.199.65.124,4070,1.0,17523,1,0,,1,ack
2022-01-15 12:58:05.990513,54,52.95.121.5,443,1.0,14645,1,0,,1,ack
2022-01-15 12:58:05.990513,100,52.95.121.5,443,0.0,0,1,0,23.0,1,syn
2022-01-15 12:58:09.541451,99,54.157.96.164,443,0.0,0,1,0,23.0,1,syn
2022-01-15 12:58:09.668633,66,54.157.96.164,443,1.0,127,1,0,,1,ack
2022-01-15 12:58:33.988339,77,104.199.65.124,4070,2.0,0,1,0,,1,syn
2022-01-15 12:58:34.050101,66,104.199.65.124,4070,1.0,30760,1,0,,1,ack
2022-01-15 12:58:35.939312,100,52.95.121.5,443,0.0,29948,1,0,23.0,1,syn
2022-01-15 12:59:04.849806,77,104.199.65.124,4070,2.0,0,1,0,,1,syn
2022-01-15 12:59:04.911929,66,104.199.65.124,4070,1.0,30861,1,0,,1,ack
2022-01-15 12:59:05.998971,100,52.95.121.5,443,0.0,30059,1,0,23.0,1,syn
2022-01-15 12:59:35.593618,77,104.199.65.124,4070,2.0,0,1,0,,1,syn
2022-01-15 12:59:35.654575,66,104.199.65.124,4070,1.0,30742,1,0,,1,ack
2022-01-15 12:59:35.934239,100,52.95.121.5,443,0.0,29935,1,0,23.0,1,syn
2022-01-15 12:59:40.597740,99,54.157.96.164,443,0.0,90929,1,0,23.0,1,syn
2022-01-15 12:59:40.724965,66,54.157.96.164,443,1.0,127,1,0,,1,ack
2022-01-15 12:59:45.731571,66,104.199.65.124,4070,1.0,10076,1,0,,1,ack
2022-01-15 13:00:06.034088,100,52.95.121.5,443,0.0,30099,1,0,23.0,1,syn
2022-01-15 13:00:06.382944,77,104.199.65.124,4070,2.0,0,1,0,,1,syn
2022-01-15 13:00:06.448890,66,104.199.65.124,4070,1.0,20717,1,0,,1,ack
2022-01-15 13:00:06.831955,74,3.227.83.236,443,1.0,0,0,0,,1,retransmit
2022-01-15 13:00:06.980776,66,3.227.83.236,443,1.0,148,1,0,,1,ack
2022-01-15 13:00:06.980776,498,3.227.83.236,443,0.0,0,1,0,22.0,1,handshake
2022-01-15 13:00:07.108807,66,3.227.83.236,443,1.0,128,1,0,,1,ack
2022-01-15 13:00:07.108807,66,3.227.83.236,443,1.0,0,1,0,,1,ack
2022-01-15 13:00:07.109724,66,3.227.83.236,443,1.0,0,1,0,,1,ack
2022-01-15 13:00:07.109889,66,3.227.83.236,443,1.0,0,1,0,,1,ack
2022-01-15 13:00:07.110041,66,3.227.83.236,443,1.0,0,1,0,,1,ack
2022-01-15 13:00:07.111679,66,3.227.83.236,443,1.0,1,1,0,,1,ack
2022-01-15 13:00:07.112400,66,3.227.83.236,443,1.0,0,1,0,,1,ack
2022-01-15 13:00:07.171643,141,3.227.83.236,443,0.0,59,1,0,22.0,1,handshake
2022-01-15 13:00:07.171643,72,3.227.83.236,443,0.0,0,1,0,20.0,1,handshake
2022-01-15 13:00:07.171643,111,3.227.83.236,443,0.0,0,1,0,22.0,1,handshake
2022-01-15 13:00:07.299840,66,3.227.83.236,443,1.0,128,1,0,,1,ack
2022-01-15 13:00:07.299840,66,3.227.83.236,443,1.0,0,1,0,,1,ack
2022-01-15 13:00:07.299840,66,3.227.83.236,443,1.0,0,1,0,,1,ack
2022-01-15 13:00:07.301748,364,3.227.83.236,443,0.0,1,1,0,23.0,1,not_justified
2022-01-15 13:00:07.301748,1226,3.227.83.236,443,0.0,0,1,0,23.0,1,not_justified
2022-01-15 13:00:07.428437,66,3.227.83.236,443,1.0,126,1,0,,1,ack
2022-01-15 13:00:07.428688,66,3.227.83.236,443,1.0,0,1,0,,1,ack
2022-01-15 13:00:07.552402,66,3.227.83.236,443,1.0,123,1,0,,1,ack
2022-01-15 13:00:25.369668,74,192.168.1.130,55443,1.0,0,0,0,,1,retransmit
2022-01-15 13:00:26.286105,74,192.168.1.130,55443,1.0,916,0,0,,1,retransmit
2022-01-15 13:00:28.290758,74,192.168.1.130,55443,1.0,2004,0,0,,1,retransmit
2022-01-15 13:00:32.306712,74,192.168.1.130,55443,1.0,4015,0,0,,1,retransmit
2022-01-15 13:00:36.025661,100,52.95.121.5,443,0.0,29991,1,0,23.0,1,syn
2022-01-15 13:00:37.092658,77,104.199.65.124,4070,2.0,0,1,0,,1,syn
2022-01-15 13:00:37.153918,66,104.199.65.124,4070,1.0,30705,1,0,,1,ack
2022-01-15 13:00:45.300581,74,192.168.1.130,55443,1.0,0,0,0,,1,retransmit
2022-01-15 13:00:46.298252,74,192.168.1.130,55443,1.0,997,0,0,,1,retransmit
2022-01-15 13:00:48.302087,74,192.168.1.130,55443,1.0,2003,0,0,,1,retransmit
2022-01-15 13:00:52.315611,74,192.168.1.130,55443,1.0,4013,0,0,,1,retransmit
2022-01-15 13:01:05.304368,74,192.168.1.130,55443,1.0,0,0,0,,1,retransmit
2022-01-15 13:01:05.934090,100,52.95.121.5,443,0.0,29908,1,0,23.0,1,syn
2022-01-15 13:01:06.149108,74,52.192.85.122,443,1.0,0,0,0,,1,retransmit
2022-01-15 13:01:06.314563,74,192.168.1.130,55443,1.0,1010,0,0,,1,retransmit
2022-01-15 13:01:06.498021,66,52.192.85.122,443,1.0,348,1,0,,1,ack
2022-01-15 13:01:06.499629,501,52.192.85.122,443,0.0,1,1,0,22.0,1,handshake
2022-01-15 13:01:06.848554,66,52.192.85.122,443,1.0,348,1,0,,1,ack
2022-01-15 13:01:06.848554,66,52.192.85.122,443,1.0,0,1,0,,1,ack
2022-01-15 13:01:06.848554,66,52.192.85.122,443,1.0,0,1,0,,1,ack
2022-01-15 13:01:06.848554,66,52.192.85.122,443,1.0,0,1,0,,1,ack
2022-01-15 13:01:06.848837,66,52.192.85.122,443,1.0,0,1,0,,1,ack
2022-01-15 13:01:06.848837,66,52.192.85.122,443,1.0,0,1,0,,1,ack
2022-01-15 13:01:06.849679,66,52.192.85.122,443,1.0,0,1,0,,1,ack
2022-01-15 13:01:06.920981,141,52.192.85.122,443,0.0,71,1,0,22.0,1,handshake
2022-01-15 13:01:06.920981,72,52.192.85.122,443,0.0,0,1,0,20.0,1,handshake
2022-01-15 13:01:06.920981,111,52.192.85.122,443,0.0,0,1,0,22.0,1,handshake
2022-01-15 13:01:07.267471,66,52.192.85.122,443,1.0,346,1,0,,1,ack
2022-01-15 13:01:07.267635,66,52.192.85.122,443,1.0,0,1,0,,1,ack
2022-01-15 13:01:07.267635,66,52.192.85.122,443,1.0,0,1,0,,1,ack
2022-01-15 13:01:07.268193,322,52.192.85.122,443,0.0,0,1,0,23.0,1,not_justified
2022-01-15 13:01:07.638859,66,52.192.85.122,443,1.0,370,1,0,,1,ack
2022-01-15 13:01:07.638859,66,52.192.85.122,443,1.0,0,1,0,,1,ack
2022-01-15 13:01:07.847234,77,104.199.65.124,4070,2.0,0,1,0,,1,syn
2022-01-15 13:01:07.908923,66,104.199.65.124,4070,1.0,30755,1,0,,1,ack
2022-01-15 13:01:07.986230,66,52.192.85.122,443,1.0,347,1,0,,1,ack
2022-01-15 13:01:08.315482,74,192.168.1.130,55443,1.0,2000,0,0,,1,retransmit
2022-01-15 13:01:11.544883,99,54.157.96.164,443,0.0,90819,1,0,23.0,1,syn
2022-01-15 13:01:11.671202,66,54.157.96.164,443,1.0,126,1,0,,1,ack
2022-01-15 13:01:12.314475,74,192.168.1.130,55443,1.0,3998,0,0,,1,retransmit
2022-01-15 13:01:25.308930,74,192.168.1.130,55443,1.0,0,0,0,,1,retransmit
2022-01-15 13:01:26.306710,74,192.168.1.130,55443,1.0,997,0,0,,1,retransmit
2022-01-15 13:01:28.310592,74,192.168.1.130,55443,1.0,2003,0,0,,1,retransmit
2022-01-15 13:01:32.322535,74,192.168.1.130,55443,1.0,4011,0,0,,1,retransmit
2022-01-15 13:01:35.934115,100,52.95.121.5,443,0.0,30000,1,0,23.0,1,syn
2022-01-15 13:01:38.627491,77,104.199.65.124,4070,2.0,0,1,0,,1,syn
2022-01-15 13:01:38.715958,66,104.199.65.124,4070,1.0,30807,1,0,,1,ack
2022-01-15 13:01:45.369135,74,192.168.1.130,55443,1.0,0,0,0,,1,retransmit
2022-01-15 13:01:45.715004,66,104.199.65.124,4070,1.0,6999,1,0,,1,ack
2022-01-15 13:01:46.310732,74,192.168.1.130,55443,1.0,941,0,0,,1,retransmit
2022-01-15 13:01:48.338782,74,192.168.1.130,55443,1.0,2028,0,0,,1,retransmit
2022-01-15 13:01:52.322790,74,192.168.1.130,55443,1.0,3984,0,0,,1,retransmit
2022-01-15 13:02:05.939236,100,52.95.121.5,443,0.0,30005,1,0,23.0,1,syn
2022-01-15 13:02:09.379557,77,104.199.65.124,4070,2.0,0,1,0,,1,syn
2022-01-15 13:02:09.444379,66,104.199.65.124,4070,1.0,23729,1,0,,1,ack
2022-01-15 13:02:29.795293,74,52.119.198.189,443,1.0,0,0,0,,1,retransmit
2022-01-15 13:02:29.922856,54,52.119.198.189,443,1.0,127,1,0,,1,ack
2022-01-15 13:02:29.924655,470,52.119.198.189,443,0.0,1,1,0,22.0,1,handshake
2022-01-15 13:02:30.053472,54,52.119.198.189,443,1.0,128,1,0,,1,ack
2022-01-15 13:02:30.054059,54,52.119.198.189,443,1.0,0,1,0,,1,ack
2022-01-15 13:02:30.054521,54,52.119.198.189,443,1.0,0,1,0,,1,ack
2022-01-15 13:02:30.055697,54,52.119.198.189,443,1.0,1,1,0,,1,ack
2022-01-15 13:02:30.103549,129,52.119.198.189,443,0.0,47,1,0,22.0,1,handshake
2022-01-15 13:02:30.103721,60,52.119.198.189,443,0.0,0,1,0,20.0,1,handshake
2022-01-15 13:02:30.103918,99,52.119.198.189,443,0.0,0,1,0,22.0,1,handshake
2022-01-15 13:02:30.231262,54,52.119.198.189,443,1.0,127,1,0,,1,ack
2022-01-15 13:02:30.231819,305,52.119.198.189,443,0.0,0,1,0,23.0,1,not_justified
2022-01-15 13:02:30.232171,594,52.119.198.189,443,0.0,0,1,0,23.0,1,not_justified
2022-01-15 13:02:30.387231,54,52.119.198.189,443,1.0,155,1,0,,1,ack
2022-01-15 13:02:36.024481,100,52.95.121.5,443,0.0,30085,1,0,23.0,1,syn
2022-01-15 13:02:40.093616,77,104.199.65.124,4070,2.0,0,1,0,,1,syn
2022-01-15 13:02:40.163954,66,104.199.65.124,4070,1.0,30719,1,0,,1,ack
2022-01-15 13:02:42.546798,99,54.157.96.164,443,0.0,90875,1,0,23.0,1,syn
2022-01-15 13:02:42.701637,66,54.157.96.164,443,1.0,154,1,0,,1,ack
2022-01-15 13:02:51.387304,347,52.95.121.5,443,0.0,15362,1,0,23.0,1,not_justified
2022-01-15 13:02:51.495237,54,52.95.121.5,443,1.0,107,1,0,,1,ack
2022-01-15 13:03:05.939649,54,52.95.121.5,443,1.0,14444,1,0,,1,ack
2022-01-15 13:03:05.939649,100,52.95.121.5,443,0.0,0,1,0,23.0,1,syn
2022-01-15 13:03:10.875843,77,104.199.65.124,4070,2.0,0,1,0,,1,syn
2022-01-15 13:03:10.946562,66,104.199.65.124,4070,1.0,30782,1,0,,1,ack
2022-01-15 13:03:36.014258,100,52.95.121.5,443,0.0,30074,1,0,23.0,1,syn
2022-01-15 13:03:41.666601,77,104.199.65.124,4070,2.0,0,1,0,,1,syn
2022-01-15 13:03:41.727865,66,104.199.65.124,4070,1.0,30781,1,0,,1,ack
2022-01-15 13:03:45.753500,66,104.199.65.124,4070,1.0,4025,1,0,,1,ack
2022-01-15 13:04:05.942412,100,52.95.121.5,443,0.0,29928,1,0,23.0,1,syn
2022-01-15 13:04:12.684982,77,104.199.65.124,4070,2.0,0,1,0,,1,syn
2022-01-15 13:04:12.745864,66,104.199.65.124,4070,1.0,26992,1,0,,1,ack
2022-01-15 13:04:13.611981,99,54.157.96.164,443,0.0,90910,1,0,23.0,1,syn
2022-01-15 13:04:13.738843,66,54.157.96.164,443,1.0,126,1,0,,1,ack
2022-01-15 13:04:36.056422,100,52.95.121.5,443,0.0,30114,1,0,23.0,1,syn
2022-01-15 13:04:43.425556,77,104.199.65.124,4070,2.0,0,1,0,,1,syn
2022-01-15 13:04:43.487379,66,104.199.65.124,4070,1.0,30741,1,0,,1,ack
2022-01-15 13:05:05.936076,100,52.95.121.5,443,0.0,29879,1,0,23.0,1,syn
2022-01-15 13:05:14.250837,77,104.199.65.124,4070,2.0,0,1,0,,1,syn
2022-01-15 13:05:14.312084,66,104.199.65.124,4070,1.0,30824,1,0,,1,ack
2022-01-15 13:05:35.936411,100,52.95.121.5,443,0.0,30000,1,0,23.0,1,syn
2022-01-15 13:05:44.563057,99,54.157.96.164,443,0.0,90824,1,0,23.0,1,syn
2022-01-15 13:05:44.937277,66,54.157.96.164,443,1.0,374,1,0,,1,ack
2022-01-15 13:05:45.048415,77,104.199.65.124,4070,2.0,0,1,0,,1,syn
2022-01-15 13:05:45.125695,66,104.199.65.124,4070,1.0,30813,1,0,,1,ack
2022-01-15 13:05:45.756896,66,104.199.65.124,4070,1.0,631,1,0,,1,ack
2022-01-15 13:06:06.050298,100,52.95.121.5,443,0.0,30113,1,0,23.0,1,syn
2022-01-15 13:06:07.791719,74,35.165.239.250,443,1.0,0,0,0,,1,retransmit
2022-01-15 13:06:07.988625,66,35.165.239.250,443,1.0,196,1,0,,1,ack
2022-01-15 13:06:07.989434,501,35.165.239.250,443,0.0,0,1,0,22.0,1,handshake
2022-01-15 13:06:08.186933,66,35.165.239.250,443,1.0,197,1,0,,1,ack
2022-01-15 13:06:08.186933,66,35.165.239.250,443,1.0,0,1,0,,1,ack
2022-01-15 13:06:08.186933,66,35.165.239.250,443,1.0,0,1,0,,1,ack
2022-01-15 13:06:08.186933,66,35.165.239.250,443,1.0,0,1,0,,1,ack
2022-01-15 13:06:08.186933,66,35.165.239.250,443,1.0,0,1,0,,1,ack
2022-01-15 13:06:08.186933,66,35.165.239.250,443,1.0,0,1,0,,1,ack
2022-01-15 13:06:08.186933,66,35.165.239.250,443,1.0,0,1,0,,1,ack
2022-01-15 13:06:08.186933,66,35.165.239.250,443,1.0,0,1,0,,1,ack
2022-01-15 13:06:08.225310,141,35.165.239.250,443,0.0,38,1,0,22.0,1,handshake
2022-01-15 13:06:08.225310,72,35.165.239.250,443,0.0,0,1,0,20.0,1,handshake
2022-01-15 13:06:08.225560,111,35.165.239.250,443,0.0,0,1,0,22.0,1,handshake
2022-01-15 13:06:08.421171,66,35.165.239.250,443,1.0,195,1,0,,1,ack
2022-01-15 13:06:08.421171,66,35.165.239.250,443,1.0,0,1,0,,1,ack
2022-01-15 13:06:08.422101,322,35.165.239.250,443,0.0,0,1,0,23.0,1,not_justified
2022-01-15 13:06:08.632211,66,35.165.239.250,443,1.0,210,1,0,,1,ack
2022-01-15 13:06:08.632211,66,35.165.239.250,443,1.0,0,1,0,,1,ack
2022-01-15 13:06:08.842233,66,35.165.239.250,443,1.0,210,1,0,,1,ack
2022-01-15 13:06:15.886878,77,104.199.65.124,4070,2.0,0,1,0,,1,syn
2022-01-15 13:06:15.948191,66,104.199.65.124,4070,1.0,30191,1,0,,1,ack
2022-01-15 13:06:35.937100,100,52.95.121.5,443,0.0,29886,1,0,23.0,1,syn
2022-01-15 13:06:46.742055,77,104.199.65.124,4070,2.0,0,1,0,,1,syn
2022-01-15 13:06:46.805805,66,104.199.65.124,4070,1.0,30857,1,0,,1,ack
2022-01-15 13:07:06.058707,100,52.95.121.5,443,0.0,30121,1,0,23.0,1,syn
2022-01-15 13:07:06.882342,74,54.242.128.35,443,1.0,0,0,0,,1,retransmit
2022-01-15 13:07:07.032812,66,54.242.128.35,443,1.0,150,1,0,,1,ack
2022-01-15 13:07:07.032812,498,54.242.128.35,443,0.0,0,1,0,22.0,1,handshake
2022-01-15 13:07:07.154163,66,54.242.128.35,443,1.0,121,1,0,,1,ack
2022-01-15 13:07:07.154163,66,54.242.128.35,443,1.0,0,1,0,,1,ack
2022-01-15 13:07:07.155240,66,54.242.128.35,443,1.0,1,1,0,,1,ack
2022-01-15 13:07:07.156298,66,54.242.128.35,443,1.0,1,1,0,,1,ack
2022-01-15 13:07:07.156298,66,54.242.128.35,443,1.0,0,1,0,,1,ack
2022-01-15 13:07:07.156675,66,54.242.128.35,443,1.0,0,1,0,,1,ack
2022-01-15 13:07:07.157438,66,54.242.128.35,443,1.0,0,1,0,,1,ack
2022-01-15 13:07:07.196608,141,54.242.128.35,443,0.0,39,1,0,22.0,1,handshake
2022-01-15 13:07:07.196787,117,54.242.128.35,443,0.0,0,1,0,20.0,1,handshake
2022-01-15 13:07:07.317139,66,54.242.128.35,443,1.0,120,1,0,,1,ack
2022-01-15 13:07:07.317139,66,54.242.128.35,443,1.0,0,1,0,,1,ack
2022-01-15 13:07:07.317546,365,54.242.128.35,443,0.0,0,1,0,23.0,1,not_justified
2022-01-15 13:07:07.324463,1475,54.242.128.35,443,0.0,6,1,0,23.0,1,not_justified
2022-01-15 13:07:07.326151,1475,54.242.128.35,443,0.0,1,1,0,23.0,1,not_justified
2022-01-15 13:07:07.326151,1396,54.242.128.35,443,0.0,0,1,0,23.0,1,not_justified
2022-01-15 13:07:07.327843,1475,54.242.128.35,443,0.0,1,1,0,23.0,1,not_justified
2022-01-15 13:07:07.327843,1475,54.242.128.35,443,0.0,0,1,0,23.0,1,not_justified
2022-01-15 13:07:07.327843,1396,54.242.128.35,443,0.0,0,1,0,23.0,1,not_justified
2022-01-15 13:07:07.327843,1475,54.242.128.35,443,0.0,0,1,0,23.0,1,not_justified
2022-01-15 13:07:07.327843,1475,54.242.128.35,443,0.0,0,1,0,23.0,1,not_justified
2022-01-15 13:07:07.327843,1396,54.242.128.35,443,0.0,0,1,0,23.0,1,not_justified
2022-01-15 13:07:07.446565,153,54.242.128.35,443,0.0,118,1,0,23.0,1,not_justified
2022-01-15 13:07:07.579900,66,54.242.128.35,443,1.0,133,1,0,,1,ack
2022-01-15 13:07:07.579900,66,54.242.128.35,443,1.0,0,1,0,,1,ack
2022-01-15 13:07:07.587948,74,54.242.128.35,443,1.0,0,0,0,,1,retransmit
2022-01-15 13:07:07.699408,66,54.242.128.35,443,1.0,119,1,0,,1,ack
2022-01-15 13:07:07.717746,66,54.242.128.35,443,1.0,129,1,0,,1,ack
2022-01-15 13:07:07.719362,498,54.242.128.35,443,0.0,1,1,0,22.0,1,handshake
2022-01-15 13:07:07.850122,66,54.242.128.35,443,1.0,130,1,0,,1,ack
2022-01-15 13:07:07.850122,66,54.242.128.35,443,1.0,0,1,0,,1,ack
2022-01-15 13:07:07.850122,66,54.242.128.35,443,1.0,0,1,0,,1,ack
2022-01-15 13:07:07.852108,66,54.242.128.35,443,1.0,1,1,0,,1,ack
2022-01-15 13:07:07.852484,66,54.242.128.35,443,1.0,0,1,0,,1,ack
2022-01-15 13:07:07.852484,66,54.242.128.35,443,1.0,0,1,0,,1,ack
2022-01-15 13:07:07.852484,66,54.242.128.35,443,1.0,0,1,0,,1,ack
2022-01-15 13:07:07.852484,66,54.242.128.35,443,1.0,0,1,0,,1,ack
2022-01-15 13:07:07.888036,141,54.242.128.35,443,0.0,35,1,0,22.0,1,handshake
2022-01-15 13:07:07.888169,72,54.242.128.35,443,0.0,0,1,0,20.0,1,handshake
2022-01-15 13:07:07.888321,111,54.242.128.35,443,0.0,0,1,0,22.0,1,handshake
2022-01-15 13:07:08.018169,66,54.242.128.35,443,1.0,129,1,0,,1,ack
2022-01-15 13:07:08.018453,365,54.242.128.35,443,0.0,0,1,0,23.0,1,not_justified
2022-01-15 13:07:08.018990,1475,54.242.128.35,443,0.0,0,1,0,23.0,1,not_justified
2022-01-15 13:07:08.019675,764,54.242.128.35,443,0.0,0,1,0,23.0,1,not_justified
2022-01-15 13:07:08.019675,1475,54.242.128.35,443,0.0,0,1,0,23.0,1,not_justified
2022-01-15 13:07:08.019675,727,54.242.128.35,443,0.0,0,1,0,23.0,1,not_justified
2022-01-15 13:07:08.020316,1475,54.242.128.35,443,0.0,0,1,0,23.0,1,not_justified
2022-01-15 13:07:08.020316,764,54.242.128.35,443,0.0,0,1,0,23.0,1,not_justified
2022-01-15 13:07:08.020316,1475,54.242.128.35,443,0.0,0,1,0,23.0,1,not_justified
2022-01-15 13:07:08.020736,727,54.242.128.35,443,0.0,0,1,0,23.0,1,not_justified
2022-01-15 13:07:08.020736,1475,54.242.128.35,443,0.0,0,1,0,23.0,1,not_justified
2022-01-15 13:07:08.151046,1506,54.242.128.35,443,0.0,130,1,0,23.0,1,not_justified
2022-01-15 13:07:08.151483,1506,54.242.128.35,443,0.0,0,1,0,23.0,1,not_justified
2022-01-15 13:07:08.151483,705,54.242.128.35,443,0.0,0,1,0,23.0,1,not_justified
2022-01-15 13:07:08.296914,66,54.242.128.35,443,1.0,145,1,0,,1,ack
2022-01-15 13:07:08.296914,66,54.242.128.35,443,1.0,0,1,0,,1,ack
2022-01-15 13:07:08.321220,74,54.242.128.35,443,1.0,0,0,0,,1,retransmit
2022-01-15 13:07:08.426374,66,54.242.128.35,443,1.0,129,1,0,,1,ack
2022-01-15 13:07:08.447808,66,54.242.128.35,443,1.0,126,1,0,,1,ack
2022-01-15 13:07:08.447808,498,54.242.128.35,443,0.0,0,1,0,22.0,1,handshake
2022-01-15 13:07:08.569581,66,54.242.128.35,443,1.0,121,1,0,,1,ack
2022-01-15 13:07:08.569581,66,54.242.128.35,443,1.0,0,1,0,,1,ack
2022-01-15 13:07:08.569581,66,54.242.128.35,443,1.0,0,1,0,,1,ack
2022-01-15 13:07:08.570470,66,54.242.128.35,443,1.0,0,1,0,,1,ack
2022-01-15 13:07:08.571168,66,54.242.128.35,443,1.0,0,1,0,,1,ack
2022-01-15 13:07:08.571168,66,54.242.128.35,443,1.0,0,1,0,,1,ack
2022-01-15 13:07:08.571168,66,54.242.128.35,443,1.0,0,1,0,,1,ack
2022-01-15 13:07:08.571168,66,54.242.128.35,443,1.0,0,1,0,,1,ack
2022-01-15 13:07:08.612216,141,54.242.128.35,443,0.0,41,1,0,22.0,1,handshake
2022-01-15 13:07:08.612447,72,54.242.128.35,443,0.0,0,1,0,20.0,1,handshake
2022-01-15 13:07:08.612856,111,54.242.128.35,443,0.0,0,1,0,22.0,1,handshake
2022-01-15 13:07:08.732168,66,54.242.128.35,443,1.0,119,1,0,,1,ack
2022-01-15 13:07:08.732168,66,54.242.128.35,443,1.0,0,1,0,,1,ack
2022-01-15 13:07:08.733253,365,54.242.128.35,443,0.0,1,1,0,23.0,1,not_justified
2022-01-15 13:07:08.733739,1475,54.242.128.35,443,0.0,0,1,0,23.0,1,not_justified
2022-01-15 13:07:08.733739,1475,54.242.128.35,443,0.0,0,1,0,23.0,1,not_justified
2022-01-15 13:07:08.734726,1396,54.242.128.35,443,0.0,0,1,0,23.0,1,not_justified
2022-01-15 13:07:08.734726,1475,54.242.128.35,443,0.0,0,1,0,23.0,1,not_justified
2022-01-15 13:07:08.734726,764,54.242.128.35,443,0.0,0,1,0,23.0,1,not_justified
2022-01-15 13:07:08.736349,1475,54.242.128.35,443,0.0,1,1,0,23.0,1,not_justified
2022-01-15 13:07:08.736349,727,54.242.128.35,443,0.0,0,1,0,23.0,1,not_justified
2022-01-15 13:07:08.736349,1475,54.242.128.35,443,0.0,0,1,0,23.0,1,not_justified
2022-01-15 13:07:08.736349,764,54.242.128.35,443,0.0,0,1,0,23.0,1,not_justified
2022-01-15 13:07:08.859305,1506,54.242.128.35,443,0.0,122,1,0,23.0,1,not_justified
2022-01-15 13:07:08.860079,1506,54.242.128.35,443,0.0,0,1,0,23.0,1,not_justified
2022-01-15 13:07:08.860079,1506,54.242.128.35,443,0.0,0,1,0,23.0,1,not_justified
2022-01-15 13:07:08.860079,540,54.242.128.35,443,0.0,0,1,0,23.0,1,not_justified
2022-01-15 13:07:09.003547,66,54.242.128.35,443,1.0,143,1,0,,1,ack
2022-01-15 13:07:09.003547,66,54.242.128.35,443,1.0,0,1,0,,1,ack
2022-01-15 13:07:09.123717,66,54.242.128.35,443,1.0,120,1,0,,1,ack
2022-01-15 13:07:15.558360,99,54.157.96.164,443,0.0,90621,1,0,23.0,1,syn
2022-01-15 13:07:15.686613,66,54.157.96.164,443,1.0,128,1,0,,1,ack
2022-01-15 13:07:17.529950,77,104.199.65.124,4070,2.0,0,1,0,,1,syn
2022-01-15 13:07:17.611686,66,104.199.65.124,4070,1.0,30805,1,0,,1,ack
2022-01-15 13:07:35.937283,100,52.95.121.5,443,0.0,29878,1,0,23.0,1,syn
2022-01-15 13:07:45.791089,66,104.199.65.124,4070,1.0,28179,1,0,,1,ack
2022-01-15 13:07:48.377091,77,104.199.65.124,4070,2.0,0,1,0,,1,syn
2022-01-15 13:07:48.438506,66,104.199.65.124,4070,1.0,2647,1,0,,1,ack
2022-01-15 13:07:51.496218,347,52.95.121.5,443,0.0,15558,1,0,23.0,1,not_justified
2022-01-15 13:07:51.590017,54,52.95.121.5,443,1.0,93,1,0,,1,ack
2022-01-15 13:08:05.945582,54,52.95.121.5,443,1.0,14355,1,0,,1,ack
2022-01-15 13:08:05.945685,100,52.95.121.5,443,0.0,0,1,0,23.0,1,syn
2022-01-15 13:08:07.075267,74,54.192.156.112,443,1.0,0,0,0,,1,retransmit
2022-01-15 13:08:07.138360,66,54.192.156.112,443,1.0,63,1,0,,1,ack
2022-01-15 13:08:07.138360,273,54.192.156.112,443,0.0,0,1,0,22.0,1,handshake
2022-01-15 13:08:07.138360,66,54.192.156.112,443,1.0,0,1,0,,1,ack
2022-01-15 13:08:07.175067,66,54.192.156.112,443,1.0,36,1,0,,1,ack
2022-01-15 13:08:07.176361,66,54.192.156.112,443,1.0,1,1,0,,1,ack
2022-01-15 13:08:07.176361,66,54.192.156.112,443,1.0,0,1,0,,1,ack
2022-01-15 13:08:07.176361,66,54.192.156.112,443,1.0,0,1,0,,1,ack
2022-01-15 13:08:07.188598,192,54.192.156.112,443,0.0,12,1,0,22.0,1,handshake
2022-01-15 13:08:07.228077,119,54.192.156.112,443,0.0,39,1,0,23.0,1,not_justified
2022-01-15 13:08:07.228077,122,54.192.156.112,443,0.0,0,1,0,23.0,1,not_justified
2022-01-15 13:08:07.228077,108,54.192.156.112,443,0.0,0,1,0,23.0,1,not_justified
2022-01-15 13:08:07.228077,489,54.192.156.112,443,0.0,0,1,0,23.0,1,not_justified
2022-01-15 13:08:07.228077,104,54.192.156.112,443,0.0,0,1,0,23.0,1,not_justified
2022-01-15 13:08:07.289860,66,54.192.156.112,443,1.0,61,1,0,,1,ack
2022-01-15 13:08:07.453736,66,54.192.156.112,443,1.0,163,1,0,,1,ack
2022-01-15 13:08:07.454914,465,54.192.156.112,443,0.0,1,1,0,23.0,1,not_justified
2022-01-15 13:08:07.671037,66,54.192.156.112,443,1.0,216,1,0,,1,ack
2022-01-15 13:08:07.672062,97,54.192.156.112,443,0.0,1,1,0,21.0,1,handshake
2022-01-15 13:08:07.672601,66,54.192.156.112,443,1.0,0,1,0,,1,ack
2022-01-15 13:08:07.698068,66,54.192.156.112,443,1.0,25,1,0,,1,ack
2022-01-15 13:08:07.698068,66,54.192.156.112,443,1.0,0,1,0,,1,ack
2022-01-15 13:08:19.253470,77,104.199.65.124,4070,2.0,0,1,0,,1,syn
2022-01-15 13:08:19.318163,66,104.199.65.124,4070,1.0,30879,1,0,,1,ack
2022-01-15 13:08:35.938117,100,52.95.121.5,443,0.0,29992,1,0,23.0,1,syn
2022-01-15 13:08:46.610330,99,54.157.96.164,443,0.0,90923,1,0,23.0,1,syn
2022-01-15 13:08:46.737405,66,54.157.96.164,443,1.0,127,1,0,,1,ack
2022-01-15 13:08:49.974341,77,104.199.65.124,4070,2.0,0,1,0,,1,syn
2022-01-15 13:08:50.042407,66,104.199.65.124,4070,1.0,30724,1,0,,1,ack
2022-01-15 13:09:06.123688,100,52.95.121.5,443,0.0,30185,1,0,23.0,1,syn
2022-01-15 13:09:20.847761,77,104.199.65.124,4070,2.0,0,1,0,,1,syn
2022-01-15 13:09:20.914750,66,104.199.65.124,4070,1.0,30872,1,0,,1,ack
2022-01-15 13:09:35.942995,100,52.95.121.5,443,0.0,29819,1,0,23.0,1,syn
2022-01-15 13:09:45.856075,66,104.199.65.124,4070,1.0,24941,1,0,,1,ack
2022-01-15 13:09:51.498858,77,104.199.65.124,4070,2.0,0,1,0,,1,syn
2022-01-15 13:09:51.561912,66,104.199.65.124,4070,1.0,5705,1,0,,1,ack
2022-01-15 13:10:05.980293,100,52.95.121.5,443,0.0,30037,1,0,23.0,1,syn
2022-01-15 13:10:17.557330,99,54.157.96.164,443,0.0,90819,1,0,23.0,1,syn
2022-01-15 13:10:17.692475,66,54.157.96.164,443,1.0,135,1,0,,1,ack
2022-01-15 13:10:22.328115,77,104.199.65.124,4070,2.0,0,1,0,,1,syn
2022-01-15 13:10:22.401765,66,104.199.65.124,4070,1.0,30839,1,0,,1,ack
2022-01-15 13:10:35.945850,100,52.95.121.5,443,0.0,29965,1,0,23.0,1,syn
2022-01-15 13:10:53.064183,77,104.199.65.124,4070,2.0,0,1,0,,1,syn
2022-01-15 13:10:53.127673,66,104.199.65.124,4070,1.0,30725,1,0,,1,ack
2022-01-15 13:11:05.976793,100,52.95.121.5,443,0.0,30030,1,0,23.0,1,syn
2022-01-15 13:11:08.674312,74,3.97.214.54,443,1.0,0,0,0,,1,retransmit
2022-01-15 13:11:08.797469,66,3.97.214.54,443,1.0,123,1,0,,1,ack
2022-01-15 13:11:08.799197,501,3.97.214.54,443,0.0,1,1,0,22.0,1,handshake
2022-01-15 13:11:08.922232,66,3.97.214.54,443,1.0,123,1,0,,1,ack
2022-01-15 13:11:08.922232,66,3.97.214.54,443,1.0,0,1,0,,1,ack
2022-01-15 13:11:08.922232,66,3.97.214.54,443,1.0,0,1,0,,1,ack
2022-01-15 13:11:08.922232,66,3.97.214.54,443,1.0,0,1,0,,1,ack
2022-01-15 13:11:08.923150,66,3.97.214.54,443,1.0,0,1,0,,1,ack
2022-01-15 13:11:08.923150,66,3.97.214.54,443,1.0,0,1,0,,1,ack
2022-01-15 13:11:08.923343,66,3.97.214.54,443,1.0,0,1,0,,1,ack
2022-01-15 13:11:08.923343,66,3.97.214.54,443,1.0,0,1,0,,1,ack
2022-01-15 13:11:08.974034,141,3.97.214.54,443,0.0,50,1,0,22.0,1,handshake
2022-01-15 13:11:08.974208,72,3.97.214.54,443,0.0,0,1,0,20.0,1,handshake
2022-01-15 13:11:08.974341,111,3.97.214.54,443,0.0,0,1,0,22.0,1,handshake
2022-01-15 13:11:09.096755,66,3.97.214.54,443,1.0,122,1,0,,1,ack
2022-01-15 13:11:09.097011,66,3.97.214.54,443,1.0,0,1,0,,1,ack
2022-01-15 13:11:09.097488,322,3.97.214.54,443,0.0,0,1,0,23.0,1,not_justified
2022-01-15 13:11:09.232200,66,3.97.214.54,443,1.0,134,1,0,,1,ack
2022-01-15 13:11:09.232605,66,3.97.214.54,443,1.0,0,1,0,,1,ack
2022-01-15 13:11:09.387350,66,3.97.214.54,443,1.0,154,1,0,,1,ack
2022-01-15 13:11:23.838767,77,104.199.65.124,4070,2.0,0,1,0,,1,syn
2022-01-15 13:11:23.902015,66,104.199.65.124,4070,1.0,30774,1,0,,1,ack
2022-01-15 13:11:24.189944,355,52.95.121.5,443,0.0,18213,1,0,23.0,1,not_justified
2022-01-15 13:11:24.190086,733,52.95.121.5,443,0.0,0,1,0,23.0,1,not_justified
2022-01-15 13:11:24.190271,92,52.95.121.5,443,0.0,0,1,0,23.0,1,not_justified
2022-01-15 13:11:24.401530,54,52.95.121.5,443,1.0,211,1,0,,1,ack
2022-01-15 13:11:24.413387,355,52.95.121.5,443,0.0,11,1,0,23.0,1,not_justified
2022-01-15 13:11:24.413599,662,52.95.121.5,443,0.0,0,1,0,23.0,1,not_justified
2022-01-15 13:11:24.413599,92,52.95.121.5,443,0.0,0,1,0,23.0,1,not_justified
2022-01-15 13:11:24.432701,54,52.95.121.5,443,1.0,19,1,0,,1,ack
2022-01-15 13:11:24.556802,54,52.95.121.5,443,1.0,124,1,0,,1,ack
2022-01-15 13:11:24.653364,54,52.95.121.5,443,1.0,96,1,0,,1,ack
2022-01-15 13:11:35.939692,54,52.95.121.5,443,1.0,11286,1,0,,1,ack
2022-01-15 13:11:35.939871,100,52.95.121.5,443,0.0,0,1,0,23.0,1,syn
2022-01-15 13:11:45.803050,66,104.199.65.124,4070,1.0,21901,1,0,,1,ack
2022-01-15 13:11:48.568454,99,54.157.96.164,443,0.0,90875,1,0,23.0,1,syn
2022-01-15 13:11:48.696409,66,54.157.96.164,443,1.0,127,1,0,,1,ack
2022-01-15 13:11:54.688593,77,104.199.65.124,4070,2.0,0,1,0,,1,syn
2022-01-15 13:11:54.750051,66,104.199.65.124,4070,1.0,8947,1,0,,1,ack
2022-01-15 13:12:05.980503,100,52.95.121.5,443,0.0,30040,1,0,23.0,1,syn
2022-01-15 13:12:25.612901,77,104.199.65.124,4070,2.0,0,1,0,,1,syn
2022-01-15 13:12:25.680470,66,104.199.65.124,4070,1.0,30930,1,0,,1,ack
2022-01-15 13:12:35.939815,100,52.95.121.5,443,0.0,29959,1,0,23.0,1,syn
2022-01-15 13:12:51.612286,347,52.95.121.5,443,0.0,15672,1,0,23.0,1,not_justified
2022-01-15 13:12:51.704041,54,52.95.121.5,443,1.0,91,1,0,,1,ack
2022-01-15 13:12:56.256644,77,104.199.65.124,4070,2.0,0,1,0,,1,syn
2022-01-15 13:12:56.317557,66,104.199.65.124,4070,1.0,30637,1,0,,1,ack
2022-01-15 13:13:06.001765,54,52.95.121.5,443,1.0,14297,1,0,,1,ack
2022-01-15 13:13:06.001765,100,52.95.121.5,443,0.0,0,1,0,23.0,1,syn
2022-01-15 13:13:19.563573,99,54.157.96.164,443,0.0,90867,1,0,23.0,1,syn
2022-01-15 13:13:19.690162,66,54.157.96.164,443,1.0,126,1,0,,1,ack
2022-01-15 13:13:27.121549,77,104.199.65.124,4070,2.0,0,1,0,,1,syn
2022-01-15 13:13:27.214906,66,104.199.65.124,4070,1.0,30897,1,0,,1,ack
2022-01-15 13:13:36.010801,100,52.95.121.5,443,0.0,30009,1,0,23.0,1,syn
2022-01-15 13:13:45.890135,66,104.199.65.124,4070,1.0,18675,1,0,,1,ack
2022-01-15 13:13:48.975610,74,54.192.156.112,443,1.0,0,0,0,,1,retransmit
2022-01-15 13:13:48.995625,66,54.192.156.112,443,1.0,20,1,0,,1,ack
2022-01-15 13:13:48.996246,273,54.192.156.112,443,0.0,0,1,0,22.0,1,handshake
2022-01-15 13:13:49.012793,66,54.192.156.112,443,1.0,16,1,0,,1,ack
2022-01-15 13:13:49.030481,66,54.192.156.112,443,1.0,17,1,0,,1,ack
2022-01-15 13:13:49.030655,66,54.192.156.112,443,1.0,0,1,0,,1,ack
2022-01-15 13:13:49.032015,66,54.192.156.112,443,1.0,1,1,0,,1,ack
2022-01-15 13:13:49.032015,66,54.192.156.112,443,1.0,0,1,0,,1,ack
2022-01-15 13:13:49.065026,192,54.192.156.112,443,0.0,33,1,0,22.0,1,handshake
2022-01-15 13:13:49.085762,119,54.192.156.112,443,0.0,20,1,0,23.0,1,not_justified
2022-01-15 13:13:49.086196,164,54.192.156.112,443,0.0,0,1,0,23.0,1,not_justified
2022-01-15 13:13:49.086196,573,54.192.156.112,443,0.0,0,1,0,23.0,1,not_justified
2022-01-15 13:13:49.086360,104,54.192.156.112,443,0.0,0,1,0,23.0,1,not_justified
2022-01-15 13:13:49.150624,66,54.192.156.112,443,1.0,64,1,0,,1,ack
2022-01-15 13:13:49.316498,66,54.192.156.112,443,1.0,165,1,0,,1,ack
2022-01-15 13:13:49.318436,549,54.192.156.112,443,0.0,1,1,0,23.0,1,not_justified
2022-01-15 13:13:49.541380,66,54.192.156.112,443,1.0,222,1,0,,1,ack
2022-01-15 13:13:49.541673,97,54.192.156.112,443,0.0,0,1,0,21.0,1,handshake
2022-01-15 13:13:49.542493,66,54.192.156.112,443,1.0,0,1,0,,1,ack
2022-01-15 13:13:49.575107,66,54.192.156.112,443,1.0,32,1,0,,1,ack
2022-01-15 13:13:49.575107,66,54.192.156.112,443,1.0,0,1,0,,1,ack
2022-01-15 13:13:57.788096,77,104.199.65.124,4070,2.0,0,1,0,,1,syn
2022-01-15 13:13:57.852602,66,104.199.65.124,4070,1.0,11962,1,0,,1,ack
2022-01-15 13:14:06.032745,100,52.95.121.5,443,0.0,30021,1,0,23.0,1,syn
2022-01-15 13:14:28.630406,77,104.199.65.124,4070,2.0,0,1,0,,1,syn
2022-01-15 13:14:28.691610,66,104.199.65.124,4070,1.0,30839,1,0,,1,ack
2022-01-15 13:14:35.946210,100,52.95.121.5,443,0.0,29913,1,0,23.0,1,syn
2022-01-15 13:14:48.210600,54,52.95.121.5,443,1.0,12264,1,0,,1,ack
2022-01-15 13:14:48.250260,66,52.95.121.5,443,1.0,39,1,0,,1,ack
2022-01-15 13:14:50.664760,99,54.157.96.164,443,0.0,90974,1,0,23.0,1,syn
2022-01-15 13:14:50.797660,66,54.157.96.164,443,1.0,132,1,0,,1,ack
2022-01-15 13:14:59.408509,77,104.199.65.124,4070,2.0,0,1,0,,1,syn
2022-01-15 13:14:59.470496,66,104.199.65.124,4070,1.0,30778,1,0,,1,ack
2022-01-15 13:15:06.014722,54,52.95.121.5,443,1.0,17764,1,0,,1,ack
2022-01-15 13:15:06.014722,100,52.95.121.5,443,0.0,0,1,0,23.0,1,syn
2022-01-15 13:15:30.207330,77,104.199.65.124,4070,2.0,0,1,0,,1,syn
2022-01-15 13:15:30.269395,66,104.199.65.124,4070,1.0,30798,1,0,,1,ack
2022-01-15 13:15:35.946375,100,52.95.121.5,443,0.0,29931,1,0,23.0,1,syn
2022-01-15 13:15:45.896125,66,104.199.65.124,4070,1.0,15626,1,0,,1,ack
2022-01-15 13:15:48.022389,54,52.95.121.5,443,1.0,12076,1,0,,1,ack
2022-01-15 13:15:48.027799,96,52.95.121.5,443,0.0,5,1,0,23.0,1,not_justified
2022-01-15 13:15:48.028005,85,52.95.121.5,443,0.0,0,1,0,21.0,1,handshake
2022-01-15 13:15:48.031515,54,52.95.121.5,443,1.0,3,1,0,,1,ack
2022-01-15 13:15:48.050618,74,52.95.122.231,443,1.0,0,0,0,,1,retransmit
2022-01-15 13:15:48.102165,54,52.95.122.231,443,1.0,51,1,0,,1,ack
2022-01-15 13:15:48.102503,268,52.95.122.231,443,0.0,0,1,0,22.0,1,handshake
2022-01-15 13:15:48.158438,54,52.95.122.231,443,1.0,55,1,0,,1,ack
2022-01-15 13:15:48.158438,54,52.95.122.231,443,1.0,0,1,0,,1,ack
2022-01-15 13:15:48.158438,54,52.95.122.231,443,1.0,0,1,0,,1,ack
2022-01-15 13:15:48.158896,54,52.95.122.231,443,1.0,0,1,0,,1,ack
2022-01-15 13:15:48.159677,54,52.95.122.231,443,1.0,0,1,0,,1,ack
2022-01-15 13:15:48.171830,180,52.95.122.231,443,0.0,12,1,0,22.0,1,handshake
2022-01-15 13:15:48.179088,66,52.95.122.231,443,1.0,7,1,0,,1,ack
2022-01-15 13:15:48.225876,54,52.95.122.231,443,1.0,46,1,0,,1,ack
2022-01-15 13:15:48.226035,54,52.95.122.231,443,1.0,0,1,0,,1,ack
2022-01-15 13:15:48.226791,107,52.95.122.231,443,0.0,0,1,0,23.0,1,not_justified
2022-01-15 13:15:48.226791,110,52.95.122.231,443,0.0,0,1,0,23.0,1,not_justified
2022-01-15 13:15:48.226791,96,52.95.122.231,443,0.0,0,1,0,23.0,1,not_justified
2022-01-15 13:15:48.227045,377,52.95.122.231,443,0.0,0,1,0,23.0,1,not_justified
2022-01-15 13:15:48.227045,92,52.95.122.231,443,0.0,0,1,0,23.0,1,not_justified
2022-01-15 13:15:48.317328,54,52.95.122.231,443,1.0,90,1,0,,1,ack
2022-01-15 13:15:48.317328,92,52.95.122.231,443,0.0,0,1,0,23.0,1,not_justified
2022-01-15 13:15:48.358108,387,52.95.122.231,443,0.0,40,1,0,23.0,1,not_justified
2022-01-15 13:15:48.360057,1494,52.95.122.231,443,1.0,1,1,0,,1,not_relevant
2022-01-15 13:15:48.360057,1494,52.95.122.231,443,1.0,0,1,0,,1,not_relevant
2022-01-15 13:15:48.360346,811,52.95.122.231,443,0.0,0,1,0,23.0,1,not_justified
2022-01-15 13:15:48.361901,92,52.95.122.231,443,0.0,1,1,0,23.0,1,not_justified
2022-01-15 13:15:48.549057,54,52.95.122.231,443,1.0,187,1,0,,1,ack
2022-01-15 13:15:48.597044,371,52.95.122.231,443,0.0,47,1,0,23.0,1,not_justified
2022-01-15 13:15:48.693751,54,52.95.122.231,443,1.0,96,1,0,,1,ack
2022-01-15 13:15:48.707012,372,52.95.122.231,443,0.0,13,1,0,23.0,1,not_justified
2022-01-15 13:15:48.707012,231,52.95.122.231,443,0.0,0,1,0,23.0,1,not_justified
2022-01-15 13:15:48.836392,54,52.95.122.231,443,1.0,129,1,0,,1,ack
2022-01-15 13:16:01.035571,77,104.199.65.124,4070,2.0,0,1,0,,1,syn
2022-01-15 13:16:01.097840,66,104.199.65.124,4070,1.0,15201,1,0,,1,ack
2022-01-15 13:16:05.392608,54,52.95.122.231,443,1.0,16556,1,0,,1,ack
2022-01-15 13:16:05.392608,100,52.95.122.231,443,0.0,0,1,0,23.0,1,syn
2022-01-15 13:16:09.310541,74,54.238.29.62,443,1.0,0,0,0,,1,retransmit
2022-01-15 13:16:09.605066,66,54.238.29.62,443,1.0,294,1,0,,1,ack
2022-01-15 13:16:09.607070,501,54.238.29.62,443,0.0,2,1,0,22.0,1,handshake
2022-01-15 13:16:09.898267,66,54.238.29.62,443,1.0,291,1,0,,1,ack
2022-01-15 13:16:09.935091,66,54.238.29.62,443,1.0,36,1,0,,1,ack
2022-01-15 13:16:09.935091,66,54.238.29.62,443,1.0,0,1,0,,1,ack
2022-01-15 13:16:09.935091,66,54.238.29.62,443,1.0,0,1,0,,1,ack
2022-01-15 13:16:09.935091,66,54.238.29.62,443,1.0,0,1,0,,1,ack
2022-01-15 13:16:09.935091,66,54.238.29.62,443,1.0,0,1,0,,1,ack
2022-01-15 13:16:09.935091,66,54.238.29.62,443,1.0,0,1,0,,1,ack
2022-01-15 13:16:09.935091,66,54.238.29.62,443,1.0,0,1,0,,1,ack
2022-01-15 13:16:09.955726,141,54.238.29.62,443,0.0,20,1,0,22.0,1,handshake
2022-01-15 13:16:09.955726,72,54.238.29.62,443,0.0,0,1,0,20.0,1,handshake
2022-01-15 13:16:09.955726,111,54.238.29.62,443,0.0,0,1,0,22.0,1,handshake
2022-01-15 13:16:10.239291,66,54.238.29.62,443,1.0,283,1,0,,1,ack
2022-01-15 13:16:10.239594,66,54.238.29.62,443,1.0,0,1,0,,1,ack
2022-01-15 13:16:10.239594,322,54.238.29.62,443,0.0,0,1,0,23.0,1,not_justified
2022-01-15 13:16:10.653885,66,54.238.29.62,443,1.0,414,1,0,,1,ack
2022-01-15 13:16:10.655917,66,54.238.29.62,443,1.0,2,1,0,,1,ack
2022-01-15 13:16:10.657145,66,54.238.29.62,443,1.0,1,1,0,,1,ack
2022-01-15 13:16:10.939861,66,54.238.29.62,443,1.0,282,1,0,,1,ack
2022-01-15 13:16:21.564890,99,54.157.96.164,443,0.0,90767,1,0,23.0,1,syn
2022-01-15 13:16:21.692075,66,54.157.96.164,443,1.0,127,1,0,,1,ack
2022-01-15 13:16:31.786212,77,104.199.65.124,4070,2.0,0,1,0,,1,syn
2022-01-15 13:16:31.867006,66,104.199.65.124,4070,1.0,30769,1,0,,1,ack
2022-01-15 13:16:35.306080,100,52.95.122.231,443,0.0,29913,1,0,23.0,1,syn
2022-01-15 13:17:02.659402,77,104.199.65.124,4070,2.0,0,1,0,,1,syn
2022-01-15 13:17:02.730091,66,104.199.65.124,4070,1.0,30863,1,0,,1,ack
2022-01-15 13:17:05.436541,100,52.95.122.231,443,0.0,30130,1,0,23.0,1,syn
2022-01-15 13:17:33.398318,77,104.199.65.124,4070,2.0,0,1,0,,1,syn
2022-01-15 13:17:33.459684,66,104.199.65.124,4070,1.0,30729,1,0,,1,ack
2022-01-15 13:17:35.303100,100,52.95.122.231,443,0.0,29866,1,0,23.0,1,syn
2022-01-15 13:17:45.916021,66,104.199.65.124,4070,1.0,12456,1,0,,1,ack
2022-01-15 13:17:52.566890,99,54.157.96.164,443,0.0,90874,1,0,23.0,1,syn
2022-01-15 13:17:52.697930,66,54.157.96.164,443,1.0,131,1,0,,1,ack
2022-01-15 13:18:04.227075,77,104.199.65.124,4070,2.0,0,1,0,,1,syn
2022-01-15 13:18:04.303164,66,104.199.65.124,4070,1.0,18387,1,0,,1,ack
2022-01-15 13:18:05.324203,100,52.95.122.231,443,0.0,30021,1,0,23.0,1,syn
2022-01-15 13:18:34.944067,77,104.199.65.124,4070,2.0,0,1,0,,1,syn
2022-01-15 13:18:35.023779,66,104.199.65.124,4070,1.0,30720,1,0,,1,ack
2022-01-15 13:18:35.307735,100,52.95.122.231,443,0.0,29983,1,0,23.0,1,syn
2022-01-15 13:19:05.332939,100,52.95.122.231,443,0.0,30025,1,0,23.0,1,syn
2022-01-15 13:19:05.812485,77,104.199.65.124,4070,2.0,0,1,0,,1,syn
2022-01-15 13:19:05.857046,66,104.199.65.124,4070,1.0,30833,1,0,,1,ack
2022-01-15 13:19:23.628500,99,54.157.96.164,443,0.0,90930,1,0,23.0,1,syn
2022-01-15 13:19:23.755756,66,54.157.96.164,443,1.0,127,1,0,,1,ack
2022-01-15 13:19:35.306422,100,52.95.122.231,443,0.0,29973,1,0,23.0,1,syn
2022-01-15 13:19:36.476574,77,104.199.65.124,4070,2.0,0,1,0,,1,syn
2022-01-15 13:19:36.517571,66,104.199.65.124,4070,1.0,30660,1,0,,1,ack
2022-01-15 13:19:45.880703,66,104.199.65.124,4070,1.0,9363,1,0,,1,ack
2022-01-15 13:20:05.384475,100,52.95.122.231,443,0.0,30078,1,0,23.0,1,syn
2022-01-15 13:20:07.320486,77,104.199.65.124,4070,2.0,0,1,0,,1,syn
2022-01-15 13:20:07.363126,66,104.199.65.124,4070,1.0,21482,1,0,,1,ack
2022-01-15 13:20:24.388243,74,192.168.1.130,55443,1.0,0,0,0,,1,retransmit
2022-01-15 13:20:25.332078,74,192.168.1.130,55443,1.0,943,0,0,,1,retransmit
2022-01-15 13:20:27.328168,74,192.168.1.130,55443,1.0,1996,0,0,,1,retransmit
2022-01-15 13:20:31.340129,74,192.168.1.130,55443,1.0,4011,0,0,,1,retransmit
2022-01-15 13:20:35.341436,100,52.95.122.231,443,0.0,29956,1,0,23.0,1,syn
2022-01-15 13:20:38.069387,77,104.199.65.124,4070,2.0,0,1,0,,1,syn
2022-01-15 13:20:38.110775,66,104.199.65.124,4070,1.0,30747,1,0,,1,ack
2022-01-15 13:20:44.331512,74,192.168.1.130,55443,1.0,0,0,0,,1,retransmit
2022-01-15 13:20:45.328359,74,192.168.1.130,55443,1.0,996,0,0,,1,retransmit
2022-01-15 13:20:47.332422,74,192.168.1.130,55443,1.0,2004,0,0,,1,retransmit
2022-01-15 13:20:48.587503,347,52.95.122.231,443,0.0,13246,1,0,23.0,1,not_justified
2022-01-15 13:20:48.676206,54,52.95.122.231,443,1.0,88,1,0,,1,ack
2022-01-15 13:20:51.340323,74,192.168.1.130,55443,1.0,4007,0,0,,1,retransmit
2022-01-15 13:20:54.571177,99,54.157.96.164,443,0.0,90815,1,0,23.0,1,syn
2022-01-15 13:20:54.701506,66,54.157.96.164,443,1.0,130,1,0,,1,ack
2022-01-15 13:21:04.393547,74,192.168.1.130,55443,1.0,0,0,0,,1,retransmit
2022-01-15 13:21:05.311147,54,52.95.122.231,443,1.0,16634,1,0,,1,ack
2022-01-15 13:21:05.311318,100,52.95.122.231,443,0.0,0,1,0,23.0,1,syn
2022-01-15 13:21:05.350049,74,192.168.1.130,55443,1.0,956,0,0,,1,retransmit
2022-01-15 13:21:07.340428,74,192.168.1.130,55443,1.0,1990,0,0,,1,retransmit
2022-01-15 13:21:08.732949,77,104.199.65.124,4070,2.0,0,1,0,,1,syn
2022-01-15 13:21:08.797833,66,104.199.65.124,4070,1.0,30687,1,0,,1,ack
2022-01-15 13:21:10.698230,74,52.65.128.2,443,1.0,0,0,0,,1,retransmit
2022-01-15 13:21:10.992079,66,52.65.128.2,443,1.0,293,1,0,,1,ack
2022-01-15 13:21:10.992440,501,52.65.128.2,443,0.0,0,1,0,22.0,1,handshake
2022-01-15 13:21:11.288132,66,52.65.128.2,443,1.0,295,1,0,,1,ack
2022-01-15 13:21:11.288576,66,52.65.128.2,443,1.0,0,1,0,,1,ack
2022-01-15 13:21:11.288576,66,52.65.128.2,443,1.0,0,1,0,,1,ack
2022-01-15 13:21:11.288576,66,52.65.128.2,443,1.0,0,1,0,,1,ack
2022-01-15 13:21:11.288576,66,52.65.128.2,443,1.0,0,1,0,,1,ack
2022-01-15 13:21:11.288576,66,52.65.128.2,443,1.0,0,1,0,,1,ack
2022-01-15 13:21:11.288576,66,52.65.128.2,443,1.0,0,1,0,,1,ack
2022-01-15 13:21:11.288576,66,52.65.128.2,443,1.0,0,1,0,,1,ack
2022-01-15 13:21:11.348707,74,192.168.1.130,55443,1.0,4008,0,0,,1,retransmit
2022-01-15 13:21:11.354030,141,52.65.128.2,443,0.0,65,1,0,22.0,1,handshake
2022-01-15 13:21:11.354254,72,52.65.128.2,443,0.0,0,1,0,20.0,1,handshake
2022-01-15 13:21:11.354691,111,52.65.128.2,443,0.0,0,1,0,22.0,1,handshake
2022-01-15 13:21:11.666511,66,52.65.128.2,443,1.0,311,1,0,,1,ack
2022-01-15 13:21:11.666511,66,52.65.128.2,443,1.0,0,1,0,,1,ack
2022-01-15 13:21:11.666511,322,52.65.128.2,443,0.0,0,1,0,23.0,1,not_justified
2022-01-15 13:21:11.960083,66,52.65.128.2,443,1.0,293,1,0,,1,ack
2022-01-15 13:21:11.962920,66,52.65.128.2,443,1.0,2,1,0,,1,ack
2022-01-15 13:21:12.255472,66,52.65.128.2,443,1.0,292,1,0,,1,ack
2022-01-15 13:21:24.348482,74,192.168.1.130,55443,1.0,0,0,0,,1,retransmit
2022-01-15 13:21:25.362994,74,192.168.1.130,55443,1.0,1014,0,0,,1,retransmit
2022-01-15 13:21:27.348671,74,192.168.1.130,55443,1.0,1985,0,0,,1,retransmit
2022-01-15 13:21:31.356678,74,192.168.1.130,55443,1.0,4008,0,0,,1,retransmit
2022-01-15 13:21:35.305353,100,52.95.122.231,443,0.0,29994,1,0,23.0,1,syn
2022-01-15 13:21:39.535268,77,104.199.65.124,4070,2.0,0,1,0,,1,syn
2022-01-15 13:21:39.596154,66,104.199.65.124,4070,1.0,30798,1,0,,1,ack
2022-01-15 13:21:44.413803,74,192.168.1.130,55443,1.0,0,0,0,,1,retransmit
2022-01-15 13:21:45.348867,74,192.168.1.130,55443,1.0,935,0,0,,1,retransmit
2022-01-15 13:21:45.841695,66,104.199.65.124,4070,1.0,6245,1,0,,1,ack
2022-01-15 13:21:47.352786,74,192.168.1.130,55443,1.0,2003,0,0,,1,retransmit
2022-01-15 13:21:51.359357,74,192.168.1.130,55443,1.0,4006,0,0,,1,retransmit
2022-01-15 13:22:05.317352,100,52.95.122.231,443,0.0,30011,1,0,23.0,1,syn
2022-01-15 13:22:10.294566,77,104.199.65.124,4070,2.0,0,1,0,,1,syn
2022-01-15 13:22:10.378170,66,104.199.65.124,4070,1.0,24536,1,0,,1,ack
2022-01-15 13:22:25.581125,99,54.157.96.164,443,0.0,90879,1,0,23.0,1,syn
2022-01-15 13:22:25.709414,66,54.157.96.164,443,1.0,128,1,0,,1,ack
2022-01-15 13:22:35.410993,100,52.95.122.231,443,0.0,30093,1,0,23.0,1,syn
2022-01-15 13:22:41.047342,77,104.199.65.124,4070,2.0,0,1,0,,1,syn
2022-01-15 13:22:41.109132,66,104.199.65.124,4070,1.0,30730,1,0,,1,ack
2022-01-15 13:23:05.306514,100,52.95.122.231,443,0.0,29895,1,0,23.0,1,syn
2022-01-15 13:23:11.727820,77,104.199.65.124,4070,2.0,0,1,0,,1,syn
2022-01-15 13:23:11.801385,66,104.199.65.124,4070,1.0,30692,1,0,,1,ack
2022-01-15 13:23:35.380329,100,52.95.122.231,443,0.0,30073,1,0,23.0,1,syn
2022-01-15 13:23:42.568543,77,104.199.65.124,4070,2.0,0,1,0,,1,syn
2022-01-15 13:23:42.638877,66,104.199.65.124,4070,1.0,30837,1,0,,1,ack
2022-01-15 13:23:45.854394,66,104.199.65.124,4070,1.0,3215,1,0,,1,ack
2022-01-15 13:23:56.630068,99,54.157.96.164,443,0.0,90920,1,0,23.0,1,syn
2022-01-15 13:23:56.757047,66,54.157.96.164,443,1.0,126,1,0,,1,ack
2022-01-15 13:24:01.779483,74,54.192.156.112,443,1.0,0,0,0,,1,retransmit
2022-01-15 13:24:01.798062,66,54.192.156.112,443,1.0,18,1,0,,1,ack
2022-01-15 13:24:01.798927,273,54.192.156.112,443,0.0,0,1,0,22.0,1,handshake
2022-01-15 13:24:01.812226,66,54.192.156.112,443,1.0,13,1,0,,1,ack
2022-01-15 13:24:01.822519,66,54.192.156.112,443,1.0,10,1,0,,1,ack
2022-01-15 13:24:01.822519,66,54.192.156.112,443,1.0,0,1,0,,1,ack
2022-01-15 13:24:01.822657,66,54.192.156.112,443,1.0,0,1,0,,1,ack
2022-01-15 13:24:01.823660,66,54.192.156.112,443,1.0,1,1,0,,1,ack
2022-01-15 13:24:01.838008,192,54.192.156.112,443,0.0,14,1,0,22.0,1,handshake
2022-01-15 13:24:01.857251,119,54.192.156.112,443,0.0,19,1,0,23.0,1,not_justified
2022-01-15 13:24:01.857470,164,54.192.156.112,443,0.0,0,1,0,23.0,1,not_justified
2022-01-15 13:24:01.857796,624,54.192.156.112,443,0.0,0,1,0,23.0,1,not_justified
2022-01-15 13:24:01.857796,104,54.192.156.112,443,0.0,0,1,0,23.0,1,not_justified
2022-01-15 13:24:01.913760,66,54.192.156.112,443,1.0,55,1,0,,1,ack
2022-01-15 13:24:02.085728,66,54.192.156.112,443,1.0,171,1,0,,1,ack
2022-01-15 13:24:02.087541,600,54.192.156.112,443,0.0,1,1,0,23.0,1,not_justified
2022-01-15 13:24:02.313680,66,54.192.156.112,443,1.0,226,1,0,,1,ack
2022-01-15 13:24:02.313877,97,54.192.156.112,443,0.0,0,1,0,21.0,1,handshake
2022-01-15 13:24:02.314441,66,54.192.156.112,443,1.0,0,1,0,,1,ack
2022-01-15 13:24:02.332772,66,54.192.156.112,443,1.0,18,1,0,,1,ack
2022-01-15 13:24:05.311490,100,52.95.122.231,443,0.0,29931,1,0,23.0,1,syn
2022-01-15 13:24:13.293402,77,104.199.65.124,4070,2.0,0,1,0,,1,syn
2022-01-15 13:24:13.355381,66,104.199.65.124,4070,1.0,27500,1,0,,1,ack
2022-01-15 13:24:35.374734,100,52.95.122.231,443,0.0,30063,1,0,23.0,1,syn
2022-01-15 13:24:44.150251,77,104.199.65.124,4070,2.0,0,1,0,,1,syn
2022-01-15 13:24:44.214969,66,104.199.65.124,4070,1.0,30859,1,0,,1,ack
2022-01-15 13:25:05.312084,100,52.95.122.231,443,0.0,29937,1,0,23.0,1,syn
2022-01-15 13:25:14.975111,77,104.199.65.124,4070,2.0,0,1,0,,1,syn
2022-01-15 13:25:15.039306,66,104.199.65.124,4070,1.0,30824,1,0,,1,ack
2022-01-15 13:25:27.576706,99,54.157.96.164,443,0.0,90819,1,0,23.0,1,syn
2022-01-15 13:25:27.703508,66,54.157.96.164,443,1.0,126,1,0,,1,ack
2022-01-15 13:25:35.423461,100,52.95.122.231,443,0.0,30111,1,0,23.0,1,syn
2022-01-15 13:25:45.710786,77,104.199.65.124,4070,2.0,0,1,0,,1,syn
2022-01-15 13:25:45.796299,66,104.199.65.124,4070,1.0,30756,1,0,,1,ack
2022-01-15 13:25:45.871550,66,104.199.65.124,4070,1.0,75,1,0,,1,ack
2022-01-15 13:25:48.667911,347,52.95.122.231,443,0.0,13244,1,0,23.0,1,not_justified
2022-01-15 13:25:48.758680,54,52.95.122.231,443,1.0,90,1,0,,1,ack
2022-01-15 13:26:05.310081,54,52.95.122.231,443,1.0,16551,1,0,,1,ack
2022-01-15 13:26:05.310914,100,52.95.122.231,443,0.0,0,1,0,23.0,1,syn
2022-01-15 13:26:12.012934,74,3.68.161.153,443,1.0,0,0,0,,1,retransmit
2022-01-15 13:26:12.049579,66,3.68.161.153,443,1.0,36,1,0,,1,ack
2022-01-15 13:26:12.049579,501,3.68.161.153,443,0.0,0,1,0,22.0,1,handshake
2022-01-15 13:26:12.088241,66,3.68.161.153,443,1.0,38,1,0,,1,ack
2022-01-15 13:26:12.088241,66,3.68.161.153,443,1.0,0,1,0,,1,ack
2022-01-15 13:26:12.088241,66,3.68.161.153,443,1.0,0,1,0,,1,ack
2022-01-15 13:26:12.089819,66,3.68.161.153,443,1.0,1,1,0,,1,ack
2022-01-15 13:26:12.090418,66,3.68.161.153,443,1.0,0,1,0,,1,ack
2022-01-15 13:26:12.090751,66,3.68.161.153,443,1.0,0,1,0,,1,ack
2022-01-15 13:26:12.090751,66,3.68.161.153,443,1.0,0,1,0,,1,ack
2022-01-15 13:26:12.090751,66,3.68.161.153,443,1.0,0,1,0,,1,ack
2022-01-15 13:26:12.159051,141,3.68.161.153,443,0.0,68,1,0,22.0,1,handshake
2022-01-15 13:26:12.159051,117,3.68.161.153,443,0.0,0,1,0,20.0,1,handshake
2022-01-15 13:26:12.193950,66,3.68.161.153,443,1.0,34,1,0,,1,ack
2022-01-15 13:26:12.193950,66,3.68.161.153,443,1.0,0,1,0,,1,ack
2022-01-15 13:26:12.194802,322,3.68.161.153,443,0.0,0,1,0,23.0,1,not_justified
2022-01-15 13:26:12.255270,66,3.68.161.153,443,1.0,60,1,0,,1,ack
2022-01-15 13:26:12.255270,66,3.68.161.153,443,1.0,0,1,0,,1,ack
2022-01-15 13:26:12.298019,66,3.68.161.153,443,1.0,42,1,0,,1,ack
2022-01-15 13:26:16.555520,77,104.199.65.124,4070,2.0,0,1,0,,1,syn
2022-01-15 13:26:16.597720,66,104.199.65.124,4070,1.0,30726,1,0,,1,ack
2022-01-15 13:26:35.372311,100,52.95.122.231,443,0.0,30061,1,0,23.0,1,syn
2022-01-15 13:26:47.394967,77,104.199.65.124,4070,2.0,0,1,0,,1,syn
2022-01-15 13:26:47.452054,66,104.199.65.124,4070,1.0,30854,1,0,,1,ack
2022-01-15 13:26:58.578614,99,54.157.96.164,443,0.0,90875,1,0,23.0,1,syn
2022-01-15 13:26:58.712099,66,54.157.96.164,443,1.0,133,1,0,,1,ack
2022-01-15 13:27:05.339508,100,52.95.122.231,443,0.0,29967,1,0,23.0,1,syn
2022-01-15 13:27:18.323073,77,104.199.65.124,4070,2.0,0,1,0,,1,syn
2022-01-15 13:27:18.366144,66,104.199.65.124,4070,1.0,30914,1,0,,1,ack
2022-01-15 13:27:35.444902,100,52.95.122.231,443,0.0,30105,1,0,23.0,1,syn
2022-01-15 13:27:45.879545,66,104.199.65.124,4070,1.0,27513,1,0,,1,ack
2022-01-15 13:27:49.098686,77,104.199.65.124,4070,2.0,0,1,0,,1,syn
2022-01-15 13:27:49.159838,66,104.199.65.124,4070,1.0,3280,1,0,,1,ack
2022-01-15 13:28:05.316350,100,52.95.122.231,443,0.0,29871,1,0,23.0,1,syn
2022-01-15 13:28:19.860300,77,104.199.65.124,4070,2.0,0,1,0,,1,syn
2022-01-15 13:28:19.956385,66,104.199.65.124,4070,1.0,30796,1,0,,1,ack
2022-01-15 13:28:29.581083,99,54.157.96.164,443,0.0,90868,1,0,23.0,1,syn
2022-01-15 13:28:29.708800,66,54.157.96.164,443,1.0,127,1,0,,1,ack
2022-01-15 13:28:35.405476,100,52.95.122.231,443,0.0,30089,1,0,23.0,1,syn
2022-01-15 13:28:50.569555,77,104.199.65.124,4070,2.0,0,1,0,,1,syn
2022-01-15 13:28:50.631054,66,104.199.65.124,4070,1.0,30674,1,0,,1,ack
2022-01-15 13:29:05.316833,100,52.95.122.231,443,0.0,29911,1,0,23.0,1,syn
2022-01-15 13:29:06.877686,74,44.199.138.71,443,1.0,0,0,0,,1,retransmit
2022-01-15 13:29:07.009165,66,44.199.138.71,443,1.0,131,1,0,,1,ack
2022-01-15 13:29:07.010834,498,44.199.138.71,443,0.0,1,1,0,22.0,1,handshake
2022-01-15 13:29:07.140181,66,44.199.138.71,443,1.0,129,1,0,,1,ack
2022-01-15 13:29:07.140345,66,44.199.138.71,443,1.0,0,1,0,,1,ack
2022-01-15 13:29:07.141339,66,44.199.138.71,443,1.0,0,1,0,,1,ack
2022-01-15 13:29:07.142220,66,44.199.138.71,443,1.0,0,1,0,,1,ack
2022-01-15 13:29:07.142711,66,44.199.138.71,443,1.0,0,1,0,,1,ack
2022-01-15 13:29:07.143130,66,44.199.138.71,443,1.0,0,1,0,,1,ack
2022-01-15 13:29:07.144407,66,44.199.138.71,443,1.0,1,1,0,,1,ack
2022-01-15 13:29:07.144666,66,44.199.138.71,443,1.0,0,1,0,,1,ack
2022-01-15 13:29:07.193635,141,44.199.138.71,443,0.0,48,1,0,22.0,1,handshake
2022-01-15 13:29:07.193908,72,44.199.138.71,443,0.0,0,1,0,20.0,1,handshake
2022-01-15 13:29:07.194338,111,44.199.138.71,443,0.0,0,1,0,22.0,1,handshake
2022-01-15 13:29:07.322168,66,44.199.138.71,443,1.0,127,1,0,,1,ack
2022-01-15 13:29:07.322581,66,44.199.138.71,443,1.0,0,1,0,,1,ack
2022-01-15 13:29:07.324958,364,44.199.138.71,443,0.0,2,1,0,23.0,1,not_justified
2022-01-15 13:29:07.324958,1226,44.199.138.71,443,0.0,0,1,0,23.0,1,not_justified
2022-01-15 13:29:07.454341,66,44.199.138.71,443,1.0,129,1,0,,1,ack
2022-01-15 13:29:07.454341,66,44.199.138.71,443,1.0,0,1,0,,1,ack
2022-01-15 13:29:07.581584,66,44.199.138.71,443,1.0,127,1,0,,1,ack
2022-01-15 13:29:21.314422,77,104.199.65.124,4070,2.0,0,1,0,,1,syn
2022-01-15 13:29:21.373771,66,104.199.65.124,4070,1.0,30742,1,0,,1,ack
2022-01-15 13:29:35.413947,100,52.95.122.231,443,0.0,30097,1,0,23.0,1,syn
2022-01-15 13:29:45.896919,66,104.199.65.124,4070,1.0,24523,1,0,,1,ack
2022-01-15 13:29:52.125395,77,104.199.65.124,4070,2.0,0,1,0,,1,syn
2022-01-15 13:29:52.184222,66,104.199.65.124,4070,1.0,6287,1,0,,1,ack
2022-01-15 13:30:00.637095,99,54.157.96.164,443,0.0,90928,1,0,23.0,1,syn
2022-01-15 13:30:00.772158,66,54.157.96.164,443,1.0,135,1,0,,1,ack
2022-01-15 13:30:05.397738,100,52.95.122.231,443,0.0,29983,1,0,23.0,1,syn
2022-01-15 13:30:22.841157,77,104.199.65.124,4070,2.0,0,1,0,,1,syn
2022-01-15 13:30:22.909277,66,104.199.65.124,4070,1.0,30725,1,0,,1,ack
2022-01-15 13:30:35.418605,100,52.95.122.231,443,0.0,30020,1,0,23.0,1,syn
2022-01-15 13:30:48.728415,347,52.95.122.231,443,0.0,13309,1,0,23.0,1,not_justified
2022-01-15 13:30:48.825170,54,52.95.122.231,443,1.0,96,1,0,,1,ack
2022-01-15 13:30:53.554258,77,104.199.65.124,4070,2.0,0,1,0,,1,syn
2022-01-15 13:30:53.613231,66,104.199.65.124,4070,1.0,30703,1,0,,1,ack
2022-01-15 13:31:05.314637,54,52.95.122.231,443,1.0,16489,1,0,,1,ack
2022-01-15 13:31:05.314791,100,52.95.122.231,443,0.0,0,1,0,23.0,1,syn
2022-01-15 13:31:12.272823,74,52.220.119.30,443,1.0,0,0,0,,1,retransmit
2022-01-15 13:31:12.500602,66,52.220.119.30,443,1.0,227,1,0,,1,ack
2022-01-15 13:31:12.503745,501,52.220.119.30,443,0.0,3,1,0,22.0,1,handshake
2022-01-15 13:31:12.801715,66,52.220.119.30,443,1.0,297,1,0,,1,ack
2022-01-15 13:31:12.801715,66,52.220.119.30,443,1.0,0,1,0,,1,ack
2022-01-15 13:31:12.801715,66,52.220.119.30,443,1.0,0,1,0,,1,ack
2022-01-15 13:31:12.803345,66,52.220.119.30,443,1.0,1,1,0,,1,ack
2022-01-15 13:31:12.803345,66,52.220.119.30,443,1.0,0,1,0,,1,ack
2022-01-15 13:31:12.803345,66,52.220.119.30,443,1.0,0,1,0,,1,ack
2022-01-15 13:31:12.803345,66,52.220.119.30,443,1.0,0,1,0,,1,ack
2022-01-15 13:31:12.803345,66,52.220.119.30,443,1.0,0,1,0,,1,ack
2022-01-15 13:31:12.847977,141,52.220.119.30,443,0.0,44,1,0,22.0,1,handshake
2022-01-15 13:31:12.848117,72,52.220.119.30,443,0.0,0,1,0,20.0,1,handshake
2022-01-15 13:31:12.848522,111,52.220.119.30,443,0.0,0,1,0,22.0,1,handshake
2022-01-15 13:31:13.108509,66,52.220.119.30,443,1.0,259,1,0,,1,ack
2022-01-15 13:31:13.108689,66,52.220.119.30,443,1.0,0,1,0,,1,ack
2022-01-15 13:31:13.108689,322,52.220.119.30,443,0.0,0,1,0,23.0,1,not_justified
2022-01-15 13:31:13.422980,66,52.220.119.30,443,1.0,314,1,0,,1,ack
2022-01-15 13:31:13.425523,66,52.220.119.30,443,1.0,2,1,0,,1,ack
2022-01-15 13:31:13.731784,66,52.220.119.30,443,1.0,306,1,0,,1,ack
2022-01-15 13:31:24.381559,77,104.199.65.124,4070,2.0,0,1,0,,1,syn
2022-01-15 13:31:24.440359,66,104.199.65.124,4070,1.0,30827,1,0,,1,ack
2022-01-15 13:31:31.609375,99,54.157.96.164,443,0.0,90837,1,0,23.0,1,syn
2022-01-15 13:31:31.737870,66,54.157.96.164,443,1.0,128,1,0,,1,ack
2022-01-15 13:31:35.427046,100,52.95.122.231,443,0.0,30112,1,0,23.0,1,syn
2022-01-15 13:31:45.913881,66,104.199.65.124,4070,1.0,21473,1,0,,1,ack
2022-01-15 13:31:55.226814,77,104.199.65.124,4070,2.0,0,1,0,,1,syn
2022-01-15 13:31:55.286376,66,104.199.65.124,4070,1.0,9372,1,0,,1,ack
2022-01-15 13:32:05.313722,100,52.95.122.231,443,0.0,29886,1,0,23.0,1,syn
2022-01-15 13:32:25.900268,77,104.199.65.124,4070,2.0,0,1,0,,1,syn
2022-01-15 13:32:25.961935,66,104.199.65.124,4070,1.0,30675,1,0,,1,ack
2022-01-15 13:32:35.443114,100,52.95.122.231,443,0.0,30129,1,0,23.0,1,syn
2022-01-15 13:32:56.711344,77,104.199.65.124,4070,2.0,0,1,0,,1,syn
2022-01-15 13:32:56.775206,66,104.199.65.124,4070,1.0,30813,1,0,,1,ack
2022-01-15 13:33:02.642342,99,54.157.96.164,443,0.0,90904,1,0,23.0,1,syn
2022-01-15 13:33:02.769236,66,54.157.96.164,443,1.0,126,1,0,,1,ack
2022-01-15 13:33:05.318743,100,52.95.122.231,443,0.0,29875,1,0,23.0,1,syn
2022-01-15 13:33:27.442650,77,104.199.65.124,4070,2.0,0,1,0,,1,syn
2022-01-15 13:33:27.507702,66,104.199.65.124,4070,1.0,30732,1,0,,1,ack
2022-01-15 13:33:35.322140,100,52.95.122.231,443,0.0,30003,1,0,23.0,1,syn
2022-01-15 13:33:45.921588,66,104.199.65.124,4070,1.0,18413,1,0,,1,ack
2022-01-15 13:33:58.223011,77,104.199.65.124,4070,2.0,0,1,0,,1,syn
2022-01-15 13:33:58.291248,66,104.199.65.124,4070,1.0,12369,1,0,,1,ack
2022-01-15 13:34:05.319279,100,52.95.122.231,443,0.0,29997,1,0,23.0,1,syn
2022-01-15 13:34:29.002181,77,104.199.65.124,4070,2.0,0,1,0,,1,syn
2022-01-15 13:34:29.076110,66,104.199.65.124,4070,1.0,30784,1,0,,1,ack
2022-01-15 13:34:33.613442,99,54.157.96.164,443,0.0,90844,1,0,23.0,1,syn
2022-01-15 13:34:33.745743,66,54.157.96.164,443,1.0,132,1,0,,1,ack
2022-01-15 13:34:35.348680,100,52.95.122.231,443,0.0,30029,1,0,23.0,1,syn
2022-01-15 13:34:59.830730,77,104.199.65.124,4070,2.0,0,1,0,,1,syn
2022-01-15 13:34:59.875638,66,104.199.65.124,4070,1.0,30799,1,0,,1,ack
2022-01-15 13:35:05.314933,100,52.95.122.231,443,0.0,29966,1,0,23.0,1,syn
2022-01-15 13:35:30.555688,77,104.199.65.124,4070,2.0,0,1,0,,1,syn
2022-01-15 13:35:30.597973,66,104.199.65.124,4070,1.0,30722,1,0,,1,ack
2022-01-15 13:35:35.365085,100,52.95.122.231,443,0.0,30050,1,0,23.0,1,syn
2022-01-15 13:35:45.914367,66,104.199.65.124,4070,1.0,15316,1,0,,1,ack
2022-01-15 13:35:48.811940,347,52.95.122.231,443,0.0,13446,1,0,23.0,1,not_justified
2022-01-15 13:35:48.906534,54,52.95.122.231,443,1.0,94,1,0,,1,ack
2022-01-15 13:36:01.460940,77,104.199.65.124,4070,2.0,0,1,0,,1,syn
2022-01-15 13:36:01.503604,66,104.199.65.124,4070,1.0,15589,1,0,,1,ack
2022-01-15 13:36:04.603760,99,54.157.96.164,443,0.0,90858,1,0,23.0,1,syn
2022-01-15 13:36:04.730252,66,54.157.96.164,443,1.0,126,1,0,,1,ack
2022-01-15 13:36:05.315791,54,52.95.122.231,443,1.0,16409,1,0,,1,ack
2022-01-15 13:36:05.316071,100,52.95.122.231,443,0.0,0,1,0,23.0,1,syn
2022-01-15 13:36:13.620652,74,52.192.85.122,443,1.0,0,0,0,,1,retransmit
2022-01-15 13:36:13.931340,66,52.192.85.122,443,1.0,310,1,0,,1,ack
2022-01-15 13:36:13.931622,501,52.192.85.122,443,0.0,0,1,0,22.0,1,handshake
2022-01-15 13:36:14.317261,66,52.192.85.122,443,1.0,385,1,0,,1,ack
2022-01-15 13:36:14.346481,66,52.192.85.122,443,1.0,29,1,0,,1,ack
2022-01-15 13:36:14.346481,66,52.192.85.122,443,1.0,0,1,0,,1,ack
2022-01-15 13:36:14.346481,66,52.192.85.122,443,1.0,0,1,0,,1,ack
2022-01-15 13:36:14.346481,66,52.192.85.122,443,1.0,0,1,0,,1,ack
2022-01-15 13:36:14.347334,66,52.192.85.122,443,1.0,0,1,0,,1,ack
2022-01-15 13:36:14.347334,66,52.192.85.122,443,1.0,0,1,0,,1,ack
2022-01-15 13:36:14.347334,66,52.192.85.122,443,1.0,0,1,0,,1,ack
2022-01-15 13:36:14.481755,141,52.192.85.122,443,0.0,134,1,0,22.0,1,handshake
2022-01-15 13:36:14.481755,72,52.192.85.122,443,0.0,0,1,0,20.0,1,handshake
2022-01-15 13:36:14.481755,111,52.192.85.122,443,0.0,0,1,0,22.0,1,handshake
2022-01-15 13:36:14.941983,66,52.192.85.122,443,1.0,460,1,0,,1,ack
2022-01-15 13:36:14.941983,66,52.192.85.122,443,1.0,0,1,0,,1,ack
2022-01-15 13:36:14.941983,66,52.192.85.122,443,1.0,0,1,0,,1,ack
2022-01-15 13:36:14.941983,322,52.192.85.122,443,0.0,0,1,0,23.0,1,not_justified
2022-01-15 13:36:15.437510,66,52.192.85.122,443,1.0,495,1,0,,1,ack
2022-01-15 13:36:15.445798,66,52.192.85.122,443,1.0,8,1,0,,1,ack
2022-01-15 13:36:15.445982,66,52.192.85.122,443,1.0,0,1,0,,1,ack
2022-01-15 13:36:15.779303,66,52.192.85.122,443,1.0,333,1,0,,1,ack
2022-01-15 13:36:32.237928,77,104.199.65.124,4070,2.0,0,1,0,,1,syn
2022-01-15 13:36:32.279491,66,104.199.65.124,4070,1.0,30775,1,0,,1,ack
2022-01-15 13:36:35.565404,100,52.95.122.231,443,0.0,30249,1,0,23.0,1,syn
2022-01-15 13:37:03.025529,77,104.199.65.124,4070,2.0,0,1,0,,1,syn
2022-01-15 13:37:03.072638,66,104.199.65.124,4070,1.0,30793,1,0,,1,ack
2022-01-15 13:37:05.320742,100,52.95.122.231,443,0.0,29755,1,0,23.0,1,syn
2022-01-15 13:37:33.786190,77,104.199.65.124,4070,2.0,0,1,0,,1,syn
2022-01-15 13:37:33.827132,66,104.199.65.124,4070,1.0,30754,1,0,,1,ack
2022-01-15 13:37:35.385917,100,52.95.122.231,443,0.0,30065,1,0,23.0,1,syn
2022-01-15 13:37:35.593583,99,54.157.96.164,443,0.0,90863,1,0,23.0,1,syn
2022-01-15 13:37:35.727133,66,54.157.96.164,443,1.0,133,1,0,,1,ack
2022-01-15 13:37:45.933236,66,104.199.65.124,4070,1.0,12106,1,0,,1,ack
2022-01-15 13:38:04.371766,77,104.199.65.124,4070,2.0,0,1,0,,1,syn
2022-01-15 13:38:04.412926,66,104.199.65.124,4070,1.0,18479,1,0,,1,ack
2022-01-15 13:38:05.317052,100,52.95.122.231,443,0.0,29931,1,0,23.0,1,syn
2022-01-15 13:38:35.266386,77,104.199.65.124,4070,2.0,0,1,0,,1,syn
2022-01-15 13:38:35.315905,100,52.95.122.231,443,0.0,29998,1,0,23.0,1,syn
2022-01-15 13:38:35.325134,66,104.199.65.124,4070,1.0,30912,1,0,,1,ack
2022-01-15 13:39:05.315793,100,52.95.122.231,443,0.0,29999,1,0,23.0,1,syn
2022-01-15 13:39:06.039576,77,104.199.65.124,4070,2.0,0,1,0,,1,syn
2022-01-15 13:39:06.112029,66,104.199.65.124,4070,1.0,30786,1,0,,1,ack
2022-01-15 13:39:06.595306,99,54.157.96.164,443,0.0,90868,1,0,23.0,1,syn
2022-01-15 13:39:06.743313,66,54.157.96.164,443,1.0,148,1,0,,1,ack
2022-01-15 13:39:24.374663,74,192.168.1.130,55443,1.0,0,0,0,,1,retransmit
2022-01-15 13:39:25.361610,74,192.168.1.130,55443,1.0,986,0,0,,1,retransmit
2022-01-15 13:39:27.365543,74,192.168.1.130,55443,1.0,2003,0,0,,1,retransmit
2022-01-15 13:39:31.373727,74,192.168.1.130,55443,1.0,4008,0,0,,1,retransmit
2022-01-15 13:39:35.319331,100,52.95.122.231,443,0.0,30003,1,0,23.0,1,syn
2022-01-15 13:39:36.751327,77,104.199.65.124,4070,2.0,0,1,0,,1,syn
2022-01-15 13:39:36.809768,66,104.199.65.124,4070,1.0,30697,1,0,,1,ack
2022-01-15 13:39:44.368453,74,192.168.1.130,55443,1.0,0,0,0,,1,retransmit
2022-01-15 13:39:45.365741,74,192.168.1.130,55443,1.0,997,0,0,,1,retransmit
2022-01-15 13:39:45.957296,66,104.199.65.124,4070,1.0,9147,1,0,,1,ack
2022-01-15 13:39:47.374965,74,192.168.1.130,55443,1.0,2009,0,0,,1,retransmit
2022-01-15 13:39:51.381844,74,192.168.1.130,55443,1.0,4006,0,0,,1,retransmit
2022-01-15 13:40:04.377800,74,192.168.1.130,55443,1.0,0,0,0,,1,retransmit
2022-01-15 13:40:05.316008,100,52.95.122.231,443,0.0,29996,1,0,23.0,1,syn
2022-01-15 13:40:05.369632,74,192.168.1.130,55443,1.0,991,0,0,,1,retransmit
2022-01-15 13:40:07.393617,74,192.168.1.130,55443,1.0,2023,0,0,,1,retransmit
2022-01-15 13:40:07.474546,77,104.199.65.124,4070,2.0,0,1,0,,1,syn
2022-01-15 13:40:07.532863,66,104.199.65.124,4070,1.0,21575,1,0,,1,ack
2022-01-15 13:40:11.382753,74,192.168.1.130,55443,1.0,3989,0,0,,1,retransmit
2022-01-15 13:40:24.372779,74,192.168.1.130,55443,1.0,0,0,0,,1,retransmit
2022-01-15 13:40:25.370091,74,192.168.1.130,55443,1.0,997,0,0,,1,retransmit
2022-01-15 13:40:27.374120,74,192.168.1.130,55443,1.0,2004,0,0,,1,retransmit
