2022-01-13 10:52:20.059684,74,54.80.61.15,80,TCP,0,retransmit
2022-01-13 10:52:20.087897,74,34.200.54.68,443,TCP,0,retransmit
2022-01-13 10:52:20.262491,66,54.80.61.15,80,TCP,202,ack
2022-01-13 10:52:20.263223,231,54.80.61.15,80,HTTP,0,http_request
2022-01-13 10:52:20.263223,66,34.200.54.68,443,TCP,175,ack
2022-01-13 10:52:20.264061,257,34.200.54.68,443,SSL,0,handshake
2022-01-13 10:52:20.468396,66,54.80.61.15,80,TCP,205,ack
2022-01-13 10:52:20.469075,66,54.80.61.15,80,TCP,0,ack
2022-01-13 10:52:20.469755,66,34.200.54.68,443,TCP,205,ack
2022-01-13 10:52:20.488503,66,34.200.54.68,443,TCP,18,ack
2022-01-13 10:52:20.488503,66,34.200.54.68,443,TCP,0,ack
2022-01-13 10:52:20.488503,66,34.200.54.68,443,TCP,0,ack
2022-01-13 10:52:20.508034,74,34.198.172.142,80,TCP,0,retransmit
2022-01-13 10:52:20.609221,192,34.200.54.68,443,SSL,120,handshake
2022-01-13 10:52:20.680309,74,209.54.180.44,443,TCP,0,retransmit
2022-01-13 10:52:20.680309,66,34.198.172.142,80,TCP,172,ack
2022-01-13 10:52:20.680309,333,34.198.172.142,80,HTTP,0,http_request
2022-01-13 10:52:20.680309,74,23.21.159.126,443,TCP,0,retransmit
2022-01-13 10:52:20.680309,74,209.54.180.44,443,TCP,0,retransmit
2022-01-13 10:52:20.774463,66,34.200.54.68,443,TCP,165,ack
2022-01-13 10:52:20.775670,270,34.200.54.68,443,SSL,1,illegitimate_packet
2022-01-13 10:52:20.879684,54,209.54.180.44,443,TCP,199,ack
2022-01-13 10:52:20.879684,54,209.54.180.44,443,TCP,199,ack
2022-01-13 10:52:20.880087,66,23.21.159.126,443,TCP,199,ack
2022-01-13 10:52:20.880087,66,34.198.172.142,80,TCP,199,ack
2022-01-13 10:52:20.880087,66,34.198.172.142,80,TCP,0,ack
2022-01-13 10:52:20.880087,470,209.54.180.44,443,SSL,0,handshake
2022-01-13 10:52:20.880087,501,23.21.159.126,443,SSL,0,handshake
2022-01-13 10:52:20.880974,470,209.54.180.44,443,SSL,1,handshake
2022-01-13 10:52:21.016561,66,34.200.54.68,443,TCP,240,ack
2022-01-13 10:52:21.108541,54,209.54.180.44,443,TCP,228,ack
2022-01-13 10:52:21.108541,54,209.54.180.44,443,TCP,0,ack
2022-01-13 10:52:21.108541,54,209.54.180.44,443,TCP,0,ack
2022-01-13 10:52:21.108541,54,209.54.180.44,443,TCP,0,ack
2022-01-13 10:52:21.108541,66,23.21.159.126,443,TCP,228,ack
2022-01-13 10:52:21.108541,66,23.21.159.126,443,TCP,0,ack
2022-01-13 10:52:21.108541,66,23.21.159.126,443,TCP,0,ack
2022-01-13 10:52:21.108541,66,23.21.159.126,443,TCP,0,ack
2022-01-13 10:52:21.108541,66,23.21.159.126,443,TCP,0,ack
2022-01-13 10:52:21.108541,66,23.21.159.126,443,TCP,0,ack
2022-01-13 10:52:21.108541,54,209.54.180.44,443,TCP,227,ack
2022-01-13 10:52:21.108541,54,209.54.180.44,443,TCP,0,ack
2022-01-13 10:52:21.108541,54,209.54.180.44,443,TCP,0,ack
2022-01-13 10:52:21.108541,54,209.54.180.44,443,TCP,0,ack
2022-01-13 10:52:21.108541,66,23.21.159.126,443,TCP,0,ack
2022-01-13 10:52:21.108541,66,23.21.159.126,443,TCP,0,ack
2022-01-13 10:52:21.125111,129,209.54.180.44,443,SSL,16,handshake
2022-01-13 10:52:21.125340,60,209.54.180.44,443,SSL,0,handshake
2022-01-13 10:52:21.125574,99,209.54.180.44,443,SSL,0,handshake
2022-01-13 10:52:21.126831,141,23.21.159.126,443,SSL,18,handshake
2022-01-13 10:52:21.127146,72,23.21.159.126,443,SSL,0,handshake
2022-01-13 10:52:21.127330,111,23.21.159.126,443,SSL,0,handshake
2022-01-13 10:52:21.187999,129,209.54.180.44,443,SSL,79,handshake
2022-01-13 10:52:21.187999,60,209.54.180.44,443,SSL,0,handshake
2022-01-13 10:52:21.187999,99,209.54.180.44,443,SSL,0,handshake
2022-01-13 10:52:21.288296,54,209.54.180.44,443,TCP,162,ack
2022-01-13 10:52:21.288296,66,23.21.159.126,443,TCP,160,ack
2022-01-13 10:52:21.288296,66,23.21.159.126,443,TCP,0,ack
2022-01-13 10:52:21.288296,305,209.54.180.44,443,SSL,0,illegitimate_packet
2022-01-13 10:52:21.288296,322,23.21.159.126,443,SSL,0,illegitimate_packet
2022-01-13 10:52:21.288296,594,209.54.180.44,443,SSL,0,illegitimate_packet
2022-01-13 10:52:21.388612,54,209.54.180.44,443,TCP,200,ack
2022-01-13 10:52:21.389503,305,209.54.180.44,443,SSL,0,illegitimate_packet
2022-01-13 10:52:21.390265,594,209.54.180.44,443,SSL,0,illegitimate_packet
2022-01-13 10:52:21.491718,66,23.21.159.126,443,TCP,203,ack
2022-01-13 10:52:21.491997,66,23.21.159.126,443,TCP,0,ack
2022-01-13 10:52:21.493145,54,209.54.180.44,443,TCP,204,ack
2022-01-13 10:52:21.619854,74,209.54.180.44,443,TCP,0,retransmit
2022-01-13 10:52:21.619854,54,209.54.180.44,443,TCP,229,ack
2022-01-13 10:52:21.695715,66,23.21.159.126,443,TCP,203,ack
2022-01-13 10:52:21.800556,54,209.54.180.44,443,TCP,180,ack
2022-01-13 10:52:21.802321,470,209.54.180.44,443,SSL,1,handshake
2022-01-13 10:52:22.003036,54,209.54.180.44,443,TCP,200,ack
2022-01-13 10:52:22.003926,54,209.54.180.44,443,TCP,0,ack
2022-01-13 10:52:22.003926,54,209.54.180.44,443,TCP,0,ack
2022-01-13 10:52:22.004139,54,209.54.180.44,443,TCP,0,ack
2022-01-13 10:52:22.047099,129,209.54.180.44,443,SSL,42,handshake
2022-01-13 10:52:22.047862,105,209.54.180.44,443,SSL,0,handshake
2022-01-13 10:52:22.218951,54,209.54.180.44,443,TCP,171,ack
2022-01-13 10:52:22.218951,54,209.54.180.44,443,TCP,0,ack
2022-01-13 10:52:22.218951,623,209.54.180.44,443,SSL,0,illegitimate_packet
2022-01-13 10:52:22.218951,193,209.54.180.44,443,SSL,0,illegitimate_packet
2022-01-13 10:52:22.619457,54,209.54.180.44,443,TCP,400,ack
2022-01-13 10:52:22.831421,170,34.200.54.68,443,SSL,1814,illegitimate_packet
2022-01-13 10:52:22.831421,74,209.54.180.44,443,TCP,0,retransmit
2022-01-13 10:52:23.028252,54,209.54.180.44,443,TCP,196,ack
2022-01-13 10:52:23.028600,470,209.54.180.44,443,SSL,0,handshake
2022-01-13 10:52:23.054868,66,34.200.54.68,443,TCP,223,ack
2022-01-13 10:52:23.129641,54,34.200.54.68,443,TCP,74,retransmit
2022-01-13 10:52:23.232852,54,209.54.180.44,443,TCP,204,ack
2022-01-13 10:52:23.234106,54,209.54.180.44,443,TCP,1,ack
2022-01-13 10:52:23.234106,54,209.54.180.44,443,TCP,0,ack
2022-01-13 10:52:23.234700,54,209.54.180.44,443,TCP,0,ack
2022-01-13 10:52:23.277858,129,209.54.180.44,443,SSL,43,handshake
2022-01-13 10:52:23.277858,60,209.54.180.44,443,SSL,0,handshake
2022-01-13 10:52:23.278424,99,209.54.180.44,443,SSL,0,handshake
2022-01-13 10:52:23.437612,54,209.54.180.44,443,TCP,159,ack
2022-01-13 10:52:23.437801,54,209.54.180.44,443,TCP,0,ack
2022-01-13 10:52:23.437801,309,209.54.180.44,443,SSL,0,illegitimate_packet
2022-01-13 10:52:23.438340,1463,209.54.180.44,443,SSL,0,illegitimate_packet
2022-01-13 10:52:23.438449,392,209.54.180.44,443,SSL,0,illegitimate_packet
2022-01-13 10:52:24.099226,54,209.54.180.44,443,TCP,660,ack
2022-01-13 10:52:24.156885,54,209.54.180.44,443,TCP,57,ack
2022-01-13 10:52:24.156885,54,209.54.180.44,443,TCP,0,ack
2022-01-13 10:52:24.156885,54,209.54.180.44,443,TCP,0,ack
2022-01-13 10:52:24.157989,54,209.54.180.44,443,TCP,1,ack
2022-01-13 10:52:24.573072,74,54.80.61.15,80,TCP,0,retransmit
2022-01-13 10:52:24.666755,74,52.95.113.144,443,TCP,0,retransmit
2022-01-13 10:52:24.768323,66,54.80.61.15,80,TCP,195,ack
2022-01-13 10:52:24.768323,231,54.80.61.15,80,HTTP,0,http_request
2022-01-13 10:52:24.870463,54,52.95.113.144,443,TCP,203,ack
2022-01-13 10:52:24.906556,268,52.95.113.144,443,SSL,36,handshake
2022-01-13 10:52:24.999778,66,54.80.61.15,80,TCP,231,ack
2022-01-13 10:52:24.999778,66,54.80.61.15,80,TCP,0,ack
2022-01-13 10:52:25.088585,54,52.95.113.144,443,TCP,182,ack
2022-01-13 10:52:25.088585,54,52.95.113.144,443,TCP,0,ack
2022-01-13 10:52:25.088585,54,52.95.113.144,443,TCP,0,ack
2022-01-13 10:52:25.088585,54,52.95.113.144,443,TCP,0,ack
2022-01-13 10:52:25.088585,54,52.95.113.144,443,TCP,0,ack
2022-01-13 10:52:25.088585,66,52.95.113.144,443,TCP,0,ack
2022-01-13 10:52:25.090538,180,52.95.113.144,443,SSL,1,handshake
2022-01-13 10:52:25.280616,107,52.95.113.144,443,SSL,190,illegitimate_packet
2022-01-13 10:52:25.280862,152,52.95.113.144,443,SSL,0,illegitimate_packet
2022-01-13 10:52:25.282373,328,52.95.113.144,443,SSL,1,illegitimate_packet
2022-01-13 10:52:25.282373,92,52.95.113.144,443,SSL,0,illegitimate_packet
2022-01-13 10:52:25.510460,66,52.95.113.144,443,TCP,228,ack
2022-01-13 10:52:25.510460,54,52.95.113.144,443,TCP,0,ack
2022-01-13 10:52:25.510460,54,52.95.113.144,443,TCP,0,ack
2022-01-13 10:52:25.510460,92,52.95.113.144,443,SSL,0,illegitimate_packet
2022-01-13 10:52:25.589948,338,52.95.113.144,443,SSL,79,illegitimate_packet
2022-01-13 10:52:25.589948,1494,52.95.113.144,443,TCP,0,TCP Data
2022-01-13 10:52:25.589948,1364,52.95.113.144,443,SSL,0,illegitimate_packet
2022-01-13 10:52:25.589948,92,52.95.113.144,443,SSL,0,illegitimate_packet
2022-01-13 10:52:25.894738,54,52.95.113.144,443,TCP,304,ack
2022-01-13 10:52:25.998522,302,52.95.113.144,443,SSL,103,illegitimate_packet
2022-01-13 10:52:25.998522,702,52.95.113.144,443,SSL,0,illegitimate_packet
2022-01-13 10:52:25.998522,74,54.80.61.15,80,TCP,0,retransmit
2022-01-13 10:52:26.110377,74,52.95.120.125,443,TCP,0,retransmit
2022-01-13 10:52:26.205033,66,54.80.61.15,80,TCP,206,ack
2022-01-13 10:52:26.205033,231,54.80.61.15,80,HTTP,0,http_request
2022-01-13 10:52:26.205033,54,52.95.113.144,443,TCP,206,ack
2022-01-13 10:52:26.242543,74,54.239.19.122,443,TCP,0,retransmit
2022-01-13 10:52:26.306828,302,52.95.113.144,443,SSL,101,illegitimate_packet
2022-01-13 10:52:26.307005,871,52.95.113.144,443,SSL,0,illegitimate_packet
2022-01-13 10:52:26.307005,54,52.95.120.125,443,TCP,196,ack
2022-01-13 10:52:26.307005,473,52.95.120.125,443,SSL,0,handshake
2022-01-13 10:52:26.422790,66,54.80.61.15,80,TCP,217,ack
2022-01-13 10:52:26.422790,54,54.239.19.122,443,TCP,180,ack
2022-01-13 10:52:26.422790,66,54.80.61.15,80,TCP,0,ack
2022-01-13 10:52:26.422790,256,54.239.19.122,443,SSL,0,handshake
2022-01-13 10:52:26.422790,74,52.85.14.23,443,TCP,0,retransmit
2022-01-13 10:52:26.524331,54,52.95.120.125,443,TCP,217,ack
2022-01-13 10:52:26.524331,54,52.95.120.125,443,TCP,0,ack
2022-01-13 10:52:26.524331,54,52.95.120.125,443,TCP,0,ack
2022-01-13 10:52:26.524331,54,52.95.120.125,443,TCP,0,ack
2022-01-13 10:52:26.524331,66,52.85.14.23,443,TCP,101,ack
2022-01-13 10:52:26.524331,66,52.85.14.23,443,TCP,0,ack
2022-01-13 10:52:26.524331,54,52.95.113.144,443,TCP,217,ack
2022-01-13 10:52:26.524331,288,52.85.14.23,443,SSL,0,handshake
2022-01-13 10:52:26.650065,308,52.95.113.144,443,SSL,125,illegitimate_packet
2022-01-13 10:52:26.650065,1494,52.95.113.144,443,TCP,0,TCP Data
2022-01-13 10:52:26.651104,1494,52.95.113.144,443,TCP,1,TCP Data
2022-01-13 10:52:26.651104,1494,52.95.113.144,443,TCP,0,TCP Data
2022-01-13 10:52:26.651104,295,52.95.113.144,443,SSL,0,illegitimate_packet
2022-01-13 10:52:26.651104,92,52.95.113.144,443,SSL,0,illegitimate_packet
2022-01-13 10:52:26.651104,129,52.95.120.125,443,SSL,126,handshake
2022-01-13 10:52:26.651104,60,52.95.120.125,443,SSL,0,handshake
2022-01-13 10:52:26.651104,99,52.95.120.125,443,SSL,0,handshake
2022-01-13 10:52:26.651104,66,52.85.14.23,443,TCP,126,ack
2022-01-13 10:52:26.651104,66,52.85.14.23,443,TCP,0,ack
2022-01-13 10:52:26.651104,66,52.85.14.23,443,TCP,0,ack
2022-01-13 10:52:26.651104,54,54.239.19.122,443,TCP,228,ack
2022-01-13 10:52:26.651104,54,54.239.19.122,443,TCP,0,ack
2022-01-13 10:52:26.651104,54,54.239.19.122,443,TCP,0,ack
2022-01-13 10:52:26.651104,54,54.239.19.122,443,TCP,0,ack
2022-01-13 10:52:26.651104,66,52.85.14.23,443,TCP,0,ack
2022-01-13 10:52:26.651104,192,52.85.14.23,443,SSL,0,handshake
2022-01-13 10:52:26.651389,180,54.239.19.122,443,SSL,0,handshake
2022-01-13 10:52:26.716109,392,52.85.14.23,443,SSL,65,illegitimate_packet
2022-01-13 10:52:26.816092,54,52.95.120.125,443,TCP,164,ack
2022-01-13 10:52:26.818088,670,52.95.120.125,443,SSL,1,illegitimate_packet
2022-01-13 10:52:26.818088,657,54.239.19.122,443,SSL,166,illegitimate_packet
2022-01-13 10:52:26.818264,487,52.95.120.125,443,SSL,0,illegitimate_packet
2022-01-13 10:52:26.927879,54,52.95.113.144,443,TCP,276,ack
2022-01-13 10:52:26.964867,54,52.95.113.144,443,TCP,36,ack
2022-01-13 10:52:27.025146,54,52.95.120.125,443,TCP,206,ack
2022-01-13 10:52:27.026592,54,52.95.120.125,443,TCP,1,ack
2022-01-13 10:52:27.042676,74,52.95.120.125,443,TCP,0,retransmit
2022-01-13 10:52:27.067003,54,52.95.113.144,443,TCP,102,ack
2022-01-13 10:52:27.123958,54,54.239.19.122,443,TCP,305,ack
2022-01-13 10:52:27.159253,85,54.239.19.122,443,SSL,35,handshake
2022-01-13 10:52:27.159253,54,54.239.19.122,443,TCP,0,ack
2022-01-13 10:52:27.172372,74,54.239.19.122,443,TCP,0,retransmit
2022-01-13 10:52:27.230556,54,52.95.120.125,443,TCP,187,ack
2022-01-13 10:52:27.230556,97,52.85.14.23,443,SSL,514,handshake
2022-01-13 10:52:27.230556,66,52.85.14.23,443,TCP,0,ack
2022-01-13 10:52:27.234034,473,52.95.120.125,443,SSL,3,handshake
2022-01-13 10:52:27.255099,74,54.239.19.122,443,TCP,0,retransmit
2022-01-13 10:52:27.330401,66,52.85.14.23,443,TCP,99,ack
2022-01-13 10:52:27.330602,54,54.239.19.122,443,TCP,158,ack
2022-01-13 10:52:27.330602,54,54.239.19.122,443,TCP,171,ack
2022-01-13 10:52:27.330602,256,54.239.19.122,443,SSL,0,handshake
2022-01-13 10:52:27.457785,54,52.95.120.125,443,TCP,223,ack
2022-01-13 10:52:27.457785,54,52.95.120.125,443,TCP,0,ack
2022-01-13 10:52:27.457785,54,52.95.120.125,443,TCP,0,ack
2022-01-13 10:52:27.457785,54,52.95.120.125,443,TCP,0,ack
2022-01-13 10:52:27.457785,54,54.239.19.122,443,TCP,202,ack
2022-01-13 10:52:27.457785,256,54.239.19.122,443,SSL,0,handshake
2022-01-13 10:52:27.574088,74,192.168.1.130,55443,TCP,0,retransmit
2022-01-13 10:52:27.574088,54,54.239.19.122,443,TCP,243,ack
2022-01-13 10:52:27.574088,54,54.239.19.122,443,TCP,0,ack
2022-01-13 10:52:27.574088,54,54.239.19.122,443,TCP,0,ack
2022-01-13 10:52:27.574088,54,54.239.19.122,443,TCP,0,ack
2022-01-13 10:52:27.574088,129,52.95.120.125,443,SSL,116,handshake
2022-01-13 10:52:27.574088,60,52.95.120.125,443,SSL,0,handshake
2022-01-13 10:52:27.574088,99,52.95.120.125,443,SSL,0,handshake
2022-01-13 10:52:27.574088,180,54.239.19.122,443,SSL,0,handshake
2022-01-13 10:52:27.635997,54,54.239.19.122,443,TCP,178,ack
2022-01-13 10:52:27.636214,54,54.239.19.122,443,TCP,0,ack
2022-01-13 10:52:27.636214,54,54.239.19.122,443,TCP,0,ack
2022-01-13 10:52:27.636214,54,54.239.19.122,443,TCP,0,ack
2022-01-13 10:52:27.650463,180,54.239.19.122,443,SSL,14,handshake
2022-01-13 10:52:27.739054,54,52.95.120.125,443,TCP,164,ack
2022-01-13 10:52:27.739265,670,52.95.120.125,443,SSL,0,illegitimate_packet
2022-01-13 10:52:27.740431,855,54.239.19.122,443,SSL,166,illegitimate_packet
2022-01-13 10:52:27.740431,435,52.95.120.125,443,SSL,1,illegitimate_packet
2022-01-13 10:52:27.840213,306,52.95.113.144,443,SSL,773,illegitimate_packet
2022-01-13 10:52:27.840213,787,52.95.113.144,443,SSL,0,illegitimate_packet
2022-01-13 10:52:27.840435,699,54.239.19.122,443,SSL,189,illegitimate_packet
2022-01-13 10:52:27.943024,54,52.95.120.125,443,TCP,202,ack
2022-01-13 10:52:27.950712,74,52.95.120.125,443,TCP,0,retransmit
2022-01-13 10:52:27.991422,54,54.239.19.122,443,TCP,250,ack
2022-01-13 10:52:28.045531,54,54.239.19.122,443,TCP,54,ack
2022-01-13 10:52:28.048871,54,52.95.113.144,443,TCP,208,ack
2022-01-13 10:52:28.048871,54,52.95.113.144,443,TCP,0,ack
2022-01-13 10:52:28.048871,85,54.239.19.122,443,SSL,208,handshake
2022-01-13 10:52:28.049093,85,54.239.19.122,443,SSL,3,handshake
2022-01-13 10:52:28.049093,54,54.239.19.122,443,TCP,0,ack
2022-01-13 10:52:28.049093,54,54.239.19.122,443,TCP,0,ack
2022-01-13 10:52:28.082945,74,54.239.19.122,443,TCP,0,retransmit
2022-01-13 10:52:28.147393,306,52.95.113.144,443,SSL,98,illegitimate_packet
2022-01-13 10:52:28.147393,1130,52.95.113.144,443,SSL,0,illegitimate_packet
2022-01-13 10:52:28.147393,92,52.95.113.144,443,SSL,0,illegitimate_packet
2022-01-13 10:52:28.147393,54,52.95.120.125,443,TCP,196,ack
2022-01-13 10:52:28.148629,54,52.95.113.144,443,TCP,1,ack
2022-01-13 10:52:28.148629,54,52.95.113.144,443,TCP,0,ack
2022-01-13 10:52:28.148875,473,52.95.120.125,443,SSL,1,handshake
2022-01-13 10:52:28.251624,302,52.95.113.144,443,SSL,102,illegitimate_packet
2022-01-13 10:52:28.251624,380,52.95.113.144,443,SSL,0,illegitimate_packet
2022-01-13 10:52:28.251624,92,52.95.113.144,443,SSL,0,illegitimate_packet
2022-01-13 10:52:28.251624,54,52.95.113.144,443,TCP,0,ack
2022-01-13 10:52:28.251624,54,54.239.19.122,443,TCP,202,ack
2022-01-13 10:52:28.251624,54,54.239.19.122,443,TCP,168,ack
2022-01-13 10:52:28.251624,54,54.239.19.122,443,TCP,202,ack
2022-01-13 10:52:28.251624,306,52.95.113.144,443,SSL,0,illegitimate_packet
2022-01-13 10:52:28.251624,256,54.239.19.122,443,SSL,0,handshake
2022-01-13 10:52:28.251624,1226,52.95.113.144,443,SSL,0,illegitimate_packet
2022-01-13 10:52:28.251624,92,52.95.113.144,443,SSL,0,illegitimate_packet
2022-01-13 10:52:28.352311,54,52.95.120.125,443,TCP,203,ack
2022-01-13 10:52:28.352311,54,52.95.120.125,443,TCP,0,ack
2022-01-13 10:52:28.352529,54,52.95.120.125,443,TCP,0,ack
2022-01-13 10:52:28.352529,54,52.95.120.125,443,TCP,0,ack
2022-01-13 10:52:28.388858,54,52.95.113.144,443,TCP,137,ack
2022-01-13 10:52:28.401316,129,52.95.120.125,443,SSL,48,handshake
2022-01-13 10:52:28.401316,60,52.95.120.125,443,SSL,0,handshake
2022-01-13 10:52:28.401316,99,52.95.120.125,443,SSL,0,handshake
2022-01-13 10:52:28.460530,54,54.239.19.122,443,TCP,208,ack
2022-01-13 10:52:28.460530,54,54.239.19.122,443,TCP,0,ack
2022-01-13 10:52:28.460530,54,54.239.19.122,443,TCP,0,ack
2022-01-13 10:52:28.460530,54,52.95.113.144,443,TCP,71,ack
2022-01-13 10:52:28.460530,54,54.239.19.122,443,TCP,0,ack
2022-01-13 10:52:28.460530,54,52.95.113.144,443,TCP,0,ack
2022-01-13 10:52:28.468920,180,54.239.19.122,443,SSL,8,handshake
2022-01-13 10:52:28.502165,74,192.168.1.130,55443,TCP,928,retransmit
2022-01-13 10:52:28.556771,54,52.95.120.125,443,TCP,155,ack
2022-01-13 10:52:28.556958,54,52.95.113.144,443,TCP,96,ack
2022-01-13 10:52:28.557274,670,52.95.120.125,443,SSL,0,illegitimate_packet
2022-01-13 10:52:28.557721,385,52.95.120.125,443,SSL,0,illegitimate_packet
2022-01-13 10:52:28.659151,54,52.95.113.144,443,TCP,102,ack
2022-01-13 10:52:28.659484,856,54.239.19.122,443,SSL,190,illegitimate_packet
2022-01-13 10:52:28.764335,54,52.95.120.125,443,TCP,206,ack
2022-01-13 10:52:28.765362,54,52.95.120.125,443,TCP,1,ack
2022-01-13 10:52:28.865823,54,54.239.19.122,443,TCP,206,ack
2022-01-13 10:52:28.865823,85,54.239.19.122,443,SSL,0,handshake
2022-01-13 10:52:28.865823,54,54.239.19.122,443,TCP,0,ack
2022-01-13 10:52:28.984766,54,52.95.113.144,443,TCP,325,ack
2022-01-13 10:52:29.069701,302,52.95.113.144,443,SSL,84,illegitimate_packet
2022-01-13 10:52:29.069701,380,52.95.113.144,443,SSL,0,illegitimate_packet
2022-01-13 10:52:29.069701,92,52.95.113.144,443,SSL,0,illegitimate_packet
2022-01-13 10:52:29.069701,54,54.239.19.122,443,TCP,203,ack
2022-01-13 10:52:29.171377,54,52.95.113.144,443,TCP,101,ack
2022-01-13 10:52:29.172920,54,52.95.113.144,443,TCP,1,ack
2022-01-13 10:52:29.172920,74,52.46.133.19,443,TCP,0,retransmit
2022-01-13 10:52:29.282021,306,52.95.113.144,443,SSL,109,illegitimate_packet
2022-01-13 10:52:29.283431,1168,52.95.113.144,443,SSL,1,illegitimate_packet
2022-01-13 10:52:29.283431,54,52.95.113.144,443,TCP,0,ack
2022-01-13 10:52:29.377239,54,52.46.133.19,443,TCP,204,ack
2022-01-13 10:52:29.377239,54,52.95.113.144,443,TCP,93,ack
2022-01-13 10:52:29.382079,74,176.32.98.108,443,TCP,0,retransmit
2022-01-13 10:52:29.384000,478,52.46.133.19,443,SSL,6,handshake
2022-01-13 10:52:29.430425,302,52.95.113.144,443,SSL,53,illegitimate_packet
2022-01-13 10:52:29.485327,418,52.95.113.144,443,SSL,54,illegitimate_packet
2022-01-13 10:52:29.486579,54,52.95.113.144,443,TCP,1,ack
2022-01-13 10:52:29.486579,54,52.95.113.144,443,TCP,0,ack
2022-01-13 10:52:29.588877,306,52.95.113.144,443,SSL,102,illegitimate_packet
2022-01-13 10:52:29.590522,1168,52.95.113.144,443,SSL,1,illegitimate_packet
2022-01-13 10:52:29.590522,54,176.32.98.108,443,TCP,208,ack
2022-01-13 10:52:29.590522,54,52.46.133.19,443,TCP,206,ack
2022-01-13 10:52:29.590522,54,52.46.133.19,443,TCP,0,ack
2022-01-13 10:52:29.590522,54,52.46.133.19,443,TCP,0,ack
2022-01-13 10:52:29.590522,54,52.46.133.19,443,TCP,0,ack
2022-01-13 10:52:29.590522,486,176.32.98.108,443,SSL,0,handshake
2022-01-13 10:52:29.628758,129,52.46.133.19,443,SSL,38,handshake
2022-01-13 10:52:29.628758,60,52.46.133.19,443,SSL,0,handshake
2022-01-13 10:52:29.628758,99,52.46.133.19,443,SSL,0,handshake
2022-01-13 10:52:29.788145,54,176.32.98.108,443,TCP,197,ack
2022-01-13 10:52:29.788145,54,176.32.98.108,443,TCP,0,ack
2022-01-13 10:52:29.788333,54,176.32.98.108,443,TCP,0,ack
2022-01-13 10:52:29.812540,54,176.32.98.108,443,TCP,24,ack
2022-01-13 10:52:29.812540,54,52.46.133.19,443,TCP,183,ack
2022-01-13 10:52:29.812540,54,52.46.133.19,443,TCP,0,ack
2022-01-13 10:52:29.812540,54,52.95.113.144,443,TCP,222,ack
2022-01-13 10:52:29.836659,129,176.32.98.108,443,SSL,24,handshake
2022-01-13 10:52:29.836659,60,176.32.98.108,443,SSL,0,handshake
2022-01-13 10:52:29.836659,99,176.32.98.108,443,SSL,0,handshake
2022-01-13 10:52:29.836659,559,52.46.133.19,443,SSL,24,illegitimate_packet
2022-01-13 10:52:29.992223,54,176.32.98.108,443,TCP,155,ack
2022-01-13 10:52:29.992223,561,176.32.98.108,443,SSL,0,illegitimate_packet
2022-01-13 10:52:29.993261,516,176.32.98.108,443,SSL,1,illegitimate_packet
2022-01-13 10:52:30.095706,54,52.46.133.19,443,TCP,259,ack
2022-01-13 10:52:30.096062,54,52.46.133.19,443,TCP,0,ack
2022-01-13 10:52:30.096062,54,52.46.133.19,443,TCP,0,ack
2022-01-13 10:52:30.096062,54,52.46.133.19,443,TCP,0,ack
2022-01-13 10:52:30.197943,74,52.46.133.19,443,TCP,0,retransmit
2022-01-13 10:52:30.197943,54,176.32.98.108,443,TCP,204,ack
2022-01-13 10:52:30.241407,74,176.32.98.108,443,TCP,0,retransmit
2022-01-13 10:52:30.400176,54,52.46.133.19,443,TCP,202,ack
2022-01-13 10:52:30.400176,54,176.32.98.108,443,TCP,158,ack
2022-01-13 10:52:30.401827,478,52.46.133.19,443,SSL,1,handshake
2022-01-13 10:52:30.403698,486,176.32.98.108,443,SSL,3,handshake
2022-01-13 10:52:30.503821,74,192.168.1.130,55443,TCP,2001,retransmit
2022-01-13 10:52:30.605789,54,52.46.133.19,443,TCP,203,ack
2022-01-13 10:52:30.605789,54,52.46.133.19,443,TCP,0,ack
2022-01-13 10:52:30.605948,54,52.46.133.19,443,TCP,0,ack
2022-01-13 10:52:30.605948,54,52.46.133.19,443,TCP,0,ack
2022-01-13 10:52:30.605948,54,176.32.98.108,443,TCP,202,ack
2022-01-13 10:52:30.605948,54,176.32.98.108,443,TCP,0,ack
2022-01-13 10:52:30.605948,54,176.32.98.108,443,TCP,0,ack
2022-01-13 10:52:30.605948,54,176.32.98.108,443,TCP,0,ack
2022-01-13 10:52:30.717814,129,52.46.133.19,443,SSL,111,handshake
2022-01-13 10:52:30.717814,105,52.46.133.19,443,SSL,0,handshake
2022-01-13 10:52:30.717814,129,176.32.98.108,443,SSL,111,handshake
2022-01-13 10:52:30.717814,60,176.32.98.108,443,SSL,0,handshake
2022-01-13 10:52:30.717814,99,176.32.98.108,443,SSL,0,handshake
2022-01-13 10:52:30.912835,54,52.46.133.19,443,TCP,195,ack
2022-01-13 10:52:30.912835,54,52.46.133.19,443,TCP,0,ack
2022-01-13 10:52:30.912835,54,176.32.98.108,443,TCP,195,ack
2022-01-13 10:52:30.913030,556,52.46.133.19,443,SSL,0,illegitimate_packet
2022-01-13 10:52:30.913524,561,176.32.98.108,443,SSL,0,illegitimate_packet
2022-01-13 10:52:30.913629,245,52.46.133.19,443,SSL,0,illegitimate_packet
2022-01-13 10:52:30.914103,914,176.32.98.108,443,SSL,0,illegitimate_packet
2022-01-13 10:52:31.220108,54,52.46.133.19,443,TCP,306,ack
2022-01-13 10:52:31.220108,54,176.32.98.108,443,TCP,306,ack
2022-01-13 10:52:31.220675,54,52.46.133.19,443,TCP,0,ack
2022-01-13 10:52:31.248678,54,176.32.98.108,443,TCP,28,ack
2022-01-13 10:52:33.110231,302,52.95.113.144,443,SSL,3297,illegitimate_packet
2022-01-13 10:52:33.110231,355,52.95.113.144,443,SSL,0,illegitimate_packet
2022-01-13 10:52:33.112236,92,52.95.113.144,443,SSL,2,illegitimate_packet
2022-01-13 10:52:33.170161,74,34.200.211.116,443,TCP,0,retransmit
2022-01-13 10:52:33.370532,66,34.200.211.116,443,TCP,200,ack
2022-01-13 10:52:33.370532,583,34.200.211.116,443,SSL,0,handshake
2022-01-13 10:52:33.472352,54,52.95.113.144,443,TCP,360,ack
2022-01-13 10:52:33.472352,54,52.95.113.144,443,TCP,0,ack
2022-01-13 10:52:33.472352,54,52.95.113.144,443,TCP,0,ack
2022-01-13 10:52:33.475379,54,52.95.113.144,443,TCP,3,ack
2022-01-13 10:52:33.475379,54,52.95.113.144,443,TCP,0,ack
2022-01-13 10:52:33.604551,66,34.200.211.116,443,TCP,234,ack
2022-01-13 10:52:33.604551,66,34.200.211.116,443,TCP,0,ack
2022-01-13 10:52:33.604551,66,34.200.211.116,443,TCP,0,ack
2022-01-13 10:52:33.604551,66,34.200.211.116,443,TCP,0,ack
2022-01-13 10:52:33.604551,192,34.200.211.116,443,SSL,0,handshake
2022-01-13 10:52:33.690367,74,34.200.54.68,443,TCP,0,retransmit
2022-01-13 10:52:33.780019,503,34.200.211.116,443,SSL,175,illegitimate_packet
2022-01-13 10:52:33.908508,66,34.200.54.68,443,TCP,218,ack
2022-01-13 10:52:33.908508,257,34.200.54.68,443,SSL,0,handshake
2022-01-13 10:52:34.021812,66,34.200.211.116,443,TCP,241,ack
2022-01-13 10:52:34.115350,66,34.200.54.68,443,TCP,206,ack
2022-01-13 10:52:34.115350,66,34.200.54.68,443,TCP,0,ack
2022-01-13 10:52:34.115350,66,34.200.54.68,443,TCP,0,ack
2022-01-13 10:52:34.115350,66,34.200.54.68,443,TCP,0,ack
2022-01-13 10:52:34.115350,192,34.200.54.68,443,SSL,0,handshake
2022-01-13 10:52:34.292529,269,34.200.54.68,443,SSL,177,illegitimate_packet
2022-01-13 10:52:34.496763,54,52.95.113.144,443,TCP,1021,ack
2022-01-13 10:52:34.496763,100,52.95.113.144,443,SSL,0,syn
2022-01-13 10:52:34.504641,74,192.168.1.130,55443,TCP,4000,retransmit
2022-01-13 10:52:34.532937,66,34.200.54.68,443,TCP,240,ack
2022-01-13 10:52:34.547294,302,52.95.113.144,443,SSL,50,illegitimate_packet
2022-01-13 10:52:34.547509,403,52.95.113.144,443,SSL,0,illegitimate_packet
2022-01-13 10:52:34.803621,54,52.95.113.144,443,TCP,256,ack
2022-01-13 10:52:34.854621,302,52.95.113.144,443,SSL,51,illegitimate_packet
2022-01-13 10:52:34.854791,376,52.95.113.144,443,SSL,0,illegitimate_packet
2022-01-13 10:52:34.908336,92,52.95.113.144,443,SSL,53,illegitimate_packet
2022-01-13 10:52:35.130224,54,52.95.113.144,443,TCP,221,ack
2022-01-13 10:52:35.213621,54,52.95.113.144,443,TCP,83,ack
2022-01-13 10:52:37.502758,74,192.168.1.130,55443,TCP,0,retransmit
2022-01-13 10:52:37.502758,74,34.117.13.189,443,TCP,0,retransmit
2022-01-13 10:52:37.569098,66,34.117.13.189,443,TCP,66,ack
2022-01-13 10:52:37.569098,272,34.117.13.189,443,SSL,0,handshake
2022-01-13 10:52:37.672053,66,34.117.13.189,443,TCP,102,ack
2022-01-13 10:52:37.672053,66,34.117.13.189,443,TCP,0,ack
2022-01-13 10:52:37.672053,66,34.117.13.189,443,TCP,0,ack
2022-01-13 10:52:37.672240,66,34.117.13.189,443,TCP,0,ack
2022-01-13 10:52:37.672240,66,34.117.13.189,443,TCP,0,ack
2022-01-13 10:52:37.698982,184,34.117.13.189,443,SSL,26,handshake
2022-01-13 10:52:37.795489,179,34.117.13.189,443,SSL,96,illegitimate_packet
2022-01-13 10:52:38.004979,89,34.117.13.189,443,SSL,209,handshake
2022-01-13 10:52:38.004979,66,34.117.13.189,443,TCP,0,ack
2022-01-13 10:52:38.080730,66,34.117.13.189,443,TCP,75,ack
2022-01-13 10:52:38.491418,74,192.168.1.130,55443,TCP,988,retransmit
2022-01-13 10:52:40.461111,74,192.168.1.130,55443,TCP,1969,retransmit
2022-01-13 10:52:44.473319,74,192.168.1.130,55443,TCP,4012,retransmit
2022-01-13 10:52:47.502515,74,192.168.1.130,55443,TCP,0,retransmit
2022-01-13 10:52:48.453369,74,192.168.1.130,55443,TCP,950,retransmit
2022-01-13 10:52:50.470781,74,192.168.1.130,55443,TCP,2017,retransmit
2022-01-13 10:52:53.988757,503,34.200.211.116,443,SSL,19966,illegitimate_packet
2022-01-13 10:52:54.158511,66,34.200.211.116,443,TCP,169,ack
2022-01-13 10:52:54.464942,74,192.168.1.130,55443,TCP,3994,retransmit
2022-01-13 10:52:57.458437,74,192.168.1.130,55443,TCP,0,retransmit
2022-01-13 10:52:58.457299,74,192.168.1.130,55443,TCP,998,retransmit
2022-01-13 10:53:00.510540,74,192.168.1.130,55443,TCP,2053,retransmit
2022-01-13 10:53:04.526148,74,192.168.1.130,55443,TCP,4015,retransmit
2022-01-13 10:53:04.526148,100,52.95.113.144,443,SSL,29312,syn
2022-01-13 10:53:07.469409,74,192.168.1.130,55443,TCP,0,retransmit
2022-01-13 10:53:07.469409,74,192.168.1.130,55443,TCP,0,retransmit
2022-01-13 10:53:08.497003,74,192.168.1.130,55443,TCP,1027,retransmit
2022-01-13 10:53:08.497161,74,192.168.1.130,55443,TCP,1027,retransmit
2022-01-13 10:53:10.476495,74,192.168.1.130,55443,TCP,1979,retransmit
2022-01-13 10:53:10.476495,74,192.168.1.130,55443,TCP,1979,retransmit
2022-01-13 10:53:14.457176,74,192.168.1.130,55443,TCP,3980,retransmit
2022-01-13 10:53:14.473277,74,192.168.1.130,55443,TCP,3996,retransmit
2022-01-13 10:53:24.572563,74,52.94.224.149,443,TCP,0,retransmit
2022-01-13 10:53:24.776066,54,52.94.224.149,443,TCP,203,ack
2022-01-13 10:53:24.778436,473,52.94.224.149,443,SSL,2,handshake
2022-01-13 10:53:24.981953,54,52.94.224.149,443,TCP,203,ack
2022-01-13 10:53:24.982138,54,52.94.224.149,443,TCP,0,ack
2022-01-13 10:53:24.988437,54,52.94.224.149,443,TCP,6,ack
2022-01-13 10:53:24.988437,54,52.94.224.149,443,TCP,0,ack
2022-01-13 10:53:25.032015,129,52.94.224.149,443,SSL,43,handshake
2022-01-13 10:53:25.091137,105,52.94.224.149,443,SSL,59,handshake
2022-01-13 10:53:25.290074,54,52.94.224.149,443,TCP,198,ack
2022-01-13 10:53:25.290074,546,52.94.224.149,443,SSL,0,illegitimate_packet
2022-01-13 10:53:25.290074,54,52.94.224.149,443,TCP,0,ack
2022-01-13 10:53:25.290296,1062,52.94.224.149,443,SSL,0,illegitimate_packet
2022-01-13 10:53:25.698954,54,52.94.224.149,443,TCP,408,ack
2022-01-13 10:53:34.504865,100,52.95.113.144,443,SSL,29978,syn
2022-01-13 10:53:54.165140,66,34.200.211.116,443,TCP,60006,ack
2022-01-13 10:53:54.212850,66,34.200.211.116,443,TCP,47,ack
2022-01-13 10:54:04.517274,100,52.95.113.144,443,SSL,30012,syn
2022-01-13 10:54:05.349926,99,34.200.54.68,443,SSL,90816,syn
2022-01-13 10:54:05.532413,66,34.200.54.68,443,TCP,182,ack
2022-01-13 10:54:34.558064,100,52.95.113.144,443,SSL,30040,syn
2022-01-13 10:55:04.422668,100,52.95.113.144,443,SSL,29864,syn
2022-01-13 10:55:34.444368,100,52.95.113.144,443,SSL,30021,syn
2022-01-13 10:55:36.297939,99,34.200.54.68,443,SSL,90765,syn
2022-01-13 10:55:36.465200,66,34.200.54.68,443,TCP,167,ack
2022-01-13 10:56:04.439194,100,52.95.113.144,443,SSL,29994,syn
2022-01-13 10:56:34.467836,100,52.95.113.144,443,SSL,30028,syn
2022-01-13 10:57:04.429059,100,52.95.113.144,443,SSL,29961,syn
2022-01-13 10:57:07.404265,99,34.200.54.68,443,SSL,90939,syn
2022-01-13 10:57:07.603676,66,34.200.54.68,443,TCP,199,ack
2022-01-13 10:57:21.633404,74,3.98.156.157,443,TCP,0,retransmit
2022-01-13 10:57:21.839402,66,3.98.156.157,443,TCP,205,ack
2022-01-13 10:57:21.839554,501,3.98.156.157,443,SSL,0,handshake
2022-01-13 10:57:22.067887,66,3.98.156.157,443,TCP,228,ack
2022-01-13 10:57:22.067887,66,3.98.156.157,443,TCP,0,ack
2022-01-13 10:57:22.067887,66,3.98.156.157,443,TCP,0,ack
2022-01-13 10:57:22.067887,66,3.98.156.157,443,TCP,0,ack
2022-01-13 10:57:22.067887,66,3.98.156.157,443,TCP,0,ack
2022-01-13 10:57:22.067887,66,3.98.156.157,443,TCP,0,ack
2022-01-13 10:57:22.067887,66,3.98.156.157,443,TCP,0,ack
2022-01-13 10:57:22.067887,66,3.98.156.157,443,TCP,0,ack
2022-01-13 10:57:22.144864,141,3.98.156.157,443,SSL,76,handshake
2022-01-13 10:57:22.144864,72,3.98.156.157,443,SSL,0,handshake
2022-01-13 10:57:22.145073,111,3.98.156.157,443,SSL,0,handshake
2022-01-13 10:57:22.349324,66,3.98.156.157,443,TCP,204,ack
2022-01-13 10:57:22.349324,66,3.98.156.157,443,TCP,0,ack
2022-01-13 10:57:22.349661,322,3.98.156.157,443,SSL,0,illegitimate_packet
2022-01-13 10:57:22.554979,66,3.98.156.157,443,TCP,205,ack
2022-01-13 10:57:22.557080,66,3.98.156.157,443,TCP,2,ack
2022-01-13 10:57:22.759006,66,3.98.156.157,443,TCP,201,ack
2022-01-13 10:57:34.443955,100,52.95.113.144,443,SSL,30014,syn
2022-01-13 10:57:35.255155,298,52.95.113.144,443,SSL,811,illegitimate_packet
2022-01-13 10:57:35.495831,54,52.95.113.144,443,TCP,240,ack
2022-01-13 10:58:04.437043,54,52.95.113.144,443,TCP,28941,ack
2022-01-13 10:58:04.437043,100,52.95.113.144,443,SSL,0,syn
2022-01-13 10:58:34.453030,100,52.95.113.144,443,SSL,30015,syn
2022-01-13 10:58:38.336118,99,34.200.54.68,443,SSL,90732,syn
2022-01-13 10:58:38.536744,66,34.200.54.68,443,TCP,200,ack
2022-01-13 10:59:04.463611,100,52.95.113.144,443,SSL,30010,syn
2022-01-13 10:59:34.478936,100,52.95.113.144,443,SSL,30015,syn
2022-01-13 11:00:04.452482,100,52.95.113.144,443,SSL,29973,syn
2022-01-13 11:00:09.303435,99,34.200.54.68,443,SSL,90766,syn
2022-01-13 11:00:09.470283,66,34.200.54.68,443,TCP,166,ack
2022-01-13 11:00:10.496833,74,192.168.1.130,55443,TCP,0,retransmit
2022-01-13 11:00:11.461459,74,192.168.1.130,55443,TCP,964,retransmit
2022-01-13 11:00:13.465384,74,192.168.1.130,55443,TCP,2003,retransmit
2022-01-13 11:00:17.469445,74,192.168.1.130,55443,TCP,4004,retransmit
2022-01-13 11:00:30.464909,74,192.168.1.130,55443,TCP,0,retransmit
2022-01-13 11:00:31.486177,74,192.168.1.130,55443,TCP,1021,retransmit
2022-01-13 11:00:33.466339,74,192.168.1.130,55443,TCP,1980,retransmit
2022-01-13 11:00:34.456419,100,52.95.113.144,443,SSL,30003,syn
2022-01-13 11:00:37.472258,74,192.168.1.130,55443,TCP,4005,retransmit
2022-01-13 11:00:50.471770,74,192.168.1.130,55443,TCP,0,retransmit
2022-01-13 11:00:51.465550,74,192.168.1.130,55443,TCP,993,retransmit
2022-01-13 11:00:53.520980,74,192.168.1.130,55443,TCP,2055,retransmit
2022-01-13 11:00:57.503328,74,192.168.1.130,55443,TCP,3982,retransmit
2022-01-13 11:01:04.460489,100,52.95.113.144,443,SSL,30004,syn
2022-01-13 11:01:10.505487,74,192.168.1.130,55443,TCP,0,retransmit
2022-01-13 11:01:11.466027,74,192.168.1.130,55443,TCP,960,retransmit
2022-01-13 11:01:13.470548,74,192.168.1.130,55443,TCP,2004,retransmit
2022-01-13 11:01:17.478120,74,192.168.1.130,55443,TCP,4007,retransmit
2022-01-13 11:01:30.578953,74,192.168.1.130,55443,TCP,0,retransmit
2022-01-13 11:01:31.496476,74,192.168.1.130,55443,TCP,917,retransmit
2022-01-13 11:01:33.474367,74,192.168.1.130,55443,TCP,1977,retransmit
2022-01-13 11:01:34.464243,100,52.95.113.144,443,SSL,30003,syn
2022-01-13 11:01:37.540729,74,192.168.1.130,55443,TCP,4066,retransmit
2022-01-13 11:01:40.305477,99,34.200.54.68,443,SSL,90835,syn
2022-01-13 11:01:40.814634,66,34.200.54.68,443,TCP,509,ack
2022-01-13 11:02:04.881085,100,52.95.113.144,443,SSL,30416,syn
2022-01-13 11:02:04.881263,66,52.95.113.144,443,TCP,0,ack
2022-01-13 11:02:21.569886,74,54.192.156.112,443,TCP,0,retransmit
2022-01-13 11:02:21.681327,66,54.192.156.112,443,TCP,111,ack
2022-01-13 11:02:21.681327,273,54.192.156.112,443,SSL,0,handshake
2022-01-13 11:02:21.776913,66,54.192.156.112,443,TCP,95,ack
2022-01-13 11:02:21.778052,66,54.192.156.112,443,TCP,1,ack
2022-01-13 11:02:21.778327,66,54.192.156.112,443,TCP,0,ack
2022-01-13 11:02:21.779492,66,54.192.156.112,443,TCP,1,ack
2022-01-13 11:02:21.779615,66,54.192.156.112,443,TCP,0,ack
2022-01-13 11:02:21.796948,192,54.192.156.112,443,SSL,17,handshake
2022-01-13 11:02:21.876943,119,54.192.156.112,443,SSL,79,illegitimate_packet
2022-01-13 11:02:21.877066,164,54.192.156.112,443,SSL,0,illegitimate_packet
2022-01-13 11:02:21.877533,461,54.192.156.112,443,SSL,0,illegitimate_packet
2022-01-13 11:02:21.878600,104,54.192.156.112,443,SSL,1,illegitimate_packet
2022-01-13 11:02:22.018407,66,54.192.156.112,443,TCP,139,ack
2022-01-13 11:02:22.183587,66,54.192.156.112,443,TCP,165,ack
2022-01-13 11:02:22.192101,437,54.192.156.112,443,SSL,8,illegitimate_packet
2022-01-13 11:02:22.490919,66,54.192.156.112,443,TCP,298,ack
2022-01-13 11:02:22.499930,97,54.192.156.112,443,SSL,9,handshake
2022-01-13 11:02:22.500104,66,54.192.156.112,443,TCP,0,ack
2022-01-13 11:02:22.594580,66,54.192.156.112,443,TCP,94,ack
2022-01-13 11:02:22.695914,74,54.238.29.62,443,TCP,0,retransmit
2022-01-13 11:02:23.117063,66,54.238.29.62,443,TCP,421,ack
2022-01-13 11:02:23.117063,501,54.238.29.62,443,SSL,0,handshake
2022-01-13 11:02:23.524961,66,54.238.29.62,443,TCP,407,ack
2022-01-13 11:02:23.528235,66,54.238.29.62,443,TCP,3,ack
2022-01-13 11:02:23.528235,66,54.238.29.62,443,TCP,0,ack
2022-01-13 11:02:23.528235,66,54.238.29.62,443,TCP,0,ack
2022-01-13 11:02:23.528667,66,54.238.29.62,443,TCP,0,ack
2022-01-13 11:02:23.528667,66,54.238.29.62,443,TCP,0,ack
2022-01-13 11:02:23.528667,66,54.238.29.62,443,TCP,0,ack
2022-01-13 11:02:23.528862,66,54.238.29.62,443,TCP,0,ack
2022-01-13 11:02:23.616605,141,54.238.29.62,443,SSL,87,handshake
2022-01-13 11:02:23.616605,72,54.238.29.62,443,SSL,0,handshake
2022-01-13 11:02:23.616605,111,54.238.29.62,443,SSL,0,handshake
2022-01-13 11:02:24.050027,66,54.238.29.62,443,TCP,433,ack
2022-01-13 11:02:24.051553,66,54.238.29.62,443,TCP,1,ack
2022-01-13 11:02:24.051553,66,54.238.29.62,443,TCP,0,ack
2022-01-13 11:02:24.051873,322,54.238.29.62,443,SSL,0,illegitimate_packet
2022-01-13 11:02:24.437777,66,54.238.29.62,443,TCP,385,ack
2022-01-13 11:02:24.457189,66,54.238.29.62,443,TCP,19,ack
2022-01-13 11:02:24.845795,66,54.238.29.62,443,TCP,388,ack
2022-01-13 11:02:34.472589,54,52.95.113.144,443,TCP,29591,ack
2022-01-13 11:02:34.472589,100,52.95.113.144,443,SSL,0,syn
2022-01-13 11:02:35.495443,298,52.95.113.144,443,SSL,1022,illegitimate_packet
2022-01-13 11:02:35.742834,54,52.95.113.144,443,TCP,247,ack
2022-01-13 11:02:56.284030,74,52.222.131.140,443,TCP,0,retransmit
2022-01-13 11:02:56.386363,66,52.222.131.140,443,TCP,102,ack
2022-01-13 11:02:56.386363,276,52.222.131.140,443,SSL,0,handshake
2022-01-13 11:02:56.386363,66,52.222.131.140,443,TCP,0,ack
2022-01-13 11:02:56.488981,66,52.222.131.140,443,TCP,102,ack
2022-01-13 11:02:56.489677,66,52.222.131.140,443,TCP,0,ack
2022-01-13 11:02:56.490853,66,52.222.131.140,443,TCP,1,ack
2022-01-13 11:02:56.491349,66,52.222.131.140,443,TCP,0,ack
2022-01-13 11:02:56.505728,192,52.222.131.140,443,SSL,14,handshake
2022-01-13 11:02:56.591243,119,52.222.131.140,443,SSL,85,illegitimate_packet
2022-01-13 11:02:56.592575,122,52.222.131.140,443,SSL,1,illegitimate_packet
2022-01-13 11:02:56.592575,108,52.222.131.140,443,SSL,0,illegitimate_packet
2022-01-13 11:02:56.592575,505,52.222.131.140,443,SSL,0,illegitimate_packet
2022-01-13 11:02:56.593080,104,52.222.131.140,443,SSL,0,illegitimate_packet
2022-01-13 11:02:56.740170,66,52.222.131.140,443,TCP,147,ack
2022-01-13 11:02:56.795430,66,52.222.131.140,443,TCP,55,ack
2022-01-13 11:02:56.820256,479,52.222.131.140,443,SSL,24,illegitimate_packet
2022-01-13 11:02:57.000762,66,52.222.131.140,443,TCP,180,ack
2022-01-13 11:02:57.000762,97,52.222.131.140,443,SSL,0,handshake
2022-01-13 11:02:57.001007,66,52.222.131.140,443,TCP,0,ack
2022-01-13 11:02:57.102543,66,52.222.131.140,443,TCP,101,ack
2022-01-13 11:03:04.494313,54,52.95.113.144,443,TCP,28751,ack
2022-01-13 11:03:04.494313,100,52.95.113.144,443,SSL,0,syn
2022-01-13 11:03:11.372483,99,34.200.54.68,443,SSL,90557,syn
2022-01-13 11:03:11.659403,66,34.200.54.68,443,TCP,286,ack
2022-01-13 11:03:34.482992,100,52.95.113.144,443,SSL,29988,syn
2022-01-13 11:04:04.596683,100,52.95.113.144,443,SSL,30113,syn
2022-01-13 11:04:34.487565,100,52.95.113.144,443,SSL,29890,syn
2022-01-13 11:04:42.376173,99,34.200.54.68,443,SSL,90716,syn
2022-01-13 11:04:42.592182,66,34.200.54.68,443,TCP,216,ack
2022-01-13 11:04:51.384556,74,54.192.156.112,443,TCP,0,retransmit
2022-01-13 11:04:51.485851,66,54.192.156.112,443,TCP,101,ack
2022-01-13 11:04:51.486027,66,54.192.156.112,443,TCP,0,ack
2022-01-13 11:04:51.486200,273,54.192.156.112,443,SSL,0,handshake
2022-01-13 11:04:51.589036,66,54.192.156.112,443,TCP,102,ack
2022-01-13 11:04:51.589636,66,54.192.156.112,443,TCP,0,ack
2022-01-13 11:04:51.590206,66,54.192.156.112,443,TCP,0,ack
2022-01-13 11:04:51.590435,66,54.192.156.112,443,TCP,0,ack
2022-01-13 11:04:51.602755,192,54.192.156.112,443,SSL,12,handshake
2022-01-13 11:04:51.691865,119,54.192.156.112,443,SSL,89,illegitimate_packet
2022-01-13 11:04:51.691865,673,54.192.156.112,443,SSL,0,illegitimate_packet
2022-01-13 11:04:51.692049,104,54.192.156.112,443,SSL,0,illegitimate_packet
2022-01-13 11:04:51.831849,66,54.192.156.112,443,TCP,139,ack
2022-01-13 11:04:52.014120,66,54.192.156.112,443,TCP,182,ack
2022-01-13 11:04:52.014120,551,54.192.156.112,443,SSL,0,illegitimate_packet
2022-01-13 11:04:52.314001,66,54.192.156.112,443,TCP,299,ack
2022-01-13 11:04:52.314001,97,54.192.156.112,443,SSL,0,handshake
2022-01-13 11:04:52.314001,66,54.192.156.112,443,TCP,0,ack
2022-01-13 11:04:52.407804,66,54.192.156.112,443,TCP,93,ack
2022-01-13 11:04:59.073611,74,54.192.156.112,443,TCP,0,retransmit
2022-01-13 11:04:59.165975,66,54.192.156.112,443,TCP,92,ack
2022-01-13 11:04:59.166532,66,54.192.156.112,443,TCP,0,ack
2022-01-13 11:04:59.166855,273,54.192.156.112,443,SSL,0,handshake
2022-01-13 11:04:59.269383,66,54.192.156.112,443,TCP,102,ack
2022-01-13 11:04:59.270228,66,54.192.156.112,443,TCP,0,ack
2022-01-13 11:04:59.271075,66,54.192.156.112,443,TCP,0,ack
2022-01-13 11:04:59.271869,66,54.192.156.112,443,TCP,0,ack
2022-01-13 11:04:59.284329,192,54.192.156.112,443,SSL,12,handshake
2022-01-13 11:04:59.371270,119,54.192.156.112,443,SSL,86,illegitimate_packet
2022-01-13 11:04:59.371270,164,54.192.156.112,443,SSL,0,illegitimate_packet
2022-01-13 11:04:59.371589,478,54.192.156.112,443,SSL,0,illegitimate_packet
2022-01-13 11:04:59.371791,104,54.192.156.112,443,SSL,0,illegitimate_packet
2022-01-13 11:04:59.578229,66,54.192.156.112,443,TCP,206,ack
2022-01-13 11:04:59.689412,66,54.192.156.112,443,TCP,111,ack
2022-01-13 11:04:59.694837,454,54.192.156.112,443,SSL,5,illegitimate_packet
2022-01-13 11:04:59.985721,97,54.192.156.112,443,SSL,290,handshake
2022-01-13 11:04:59.985929,66,54.192.156.112,443,TCP,0,ack
2022-01-13 11:05:04.525089,100,52.95.113.144,443,SSL,30037,syn
2022-01-13 11:05:32.446330,74,54.192.156.112,443,TCP,0,retransmit
2022-01-13 11:05:32.550544,66,54.192.156.112,443,TCP,104,ack
2022-01-13 11:05:32.550544,273,54.192.156.112,443,SSL,0,handshake
2022-01-13 11:05:32.550758,66,54.192.156.112,443,TCP,0,ack
2022-01-13 11:05:32.652637,66,54.192.156.112,443,TCP,101,ack
2022-01-13 11:05:32.652831,66,54.192.156.112,443,TCP,0,ack
2022-01-13 11:05:32.654148,66,54.192.156.112,443,TCP,1,ack
2022-01-13 11:05:32.654727,66,54.192.156.112,443,TCP,0,ack
2022-01-13 11:05:32.670563,192,54.192.156.112,443,SSL,15,handshake
2022-01-13 11:05:32.755073,119,54.192.156.112,443,SSL,84,illegitimate_packet
2022-01-13 11:05:32.755257,122,54.192.156.112,443,SSL,0,illegitimate_packet
2022-01-13 11:05:32.755414,108,54.192.156.112,443,SSL,0,illegitimate_packet
2022-01-13 11:05:32.755765,557,54.192.156.112,443,SSL,0,illegitimate_packet
2022-01-13 11:05:32.756091,104,54.192.156.112,443,SSL,0,illegitimate_packet
2022-01-13 11:05:32.900930,66,54.192.156.112,443,TCP,144,ack
2022-01-13 11:05:33.062689,66,54.192.156.112,443,TCP,161,ack
2022-01-13 11:05:33.064943,533,54.192.156.112,443,SSL,2,illegitimate_packet
2022-01-13 11:05:33.472035,66,54.192.156.112,443,TCP,407,ack
2022-01-13 11:05:33.472816,97,54.192.156.112,443,SSL,0,handshake
2022-01-13 11:05:33.472999,66,54.192.156.112,443,TCP,0,ack
2022-01-13 11:05:33.574641,66,54.192.156.112,443,TCP,101,ack
2022-01-13 11:05:34.525960,100,52.95.113.144,443,SSL,30000,syn
2022-01-13 11:06:04.510029,100,52.95.113.144,443,SSL,29984,syn
2022-01-13 11:06:13.410087,99,34.200.54.68,443,SSL,90817,syn
2022-01-13 11:06:13.613040,66,34.200.54.68,443,TCP,202,ack
2022-01-13 11:06:16.378113,74,176.32.101.122,443,TCP,0,retransmit
2022-01-13 11:06:16.584191,54,176.32.101.122,443,TCP,206,ack
2022-01-13 11:06:16.584191,482,176.32.101.122,443,SSL,0,handshake
2022-01-13 11:06:16.788297,54,176.32.101.122,443,TCP,204,ack
2022-01-13 11:06:16.788546,54,176.32.101.122,443,TCP,0,ack
2022-01-13 11:06:16.789671,54,176.32.101.122,443,TCP,1,ack
2022-01-13 11:06:16.789881,54,176.32.101.122,443,TCP,0,ack
2022-01-13 11:06:16.832705,129,176.32.101.122,443,SSL,42,handshake
2022-01-13 11:06:16.832897,60,176.32.101.122,443,SSL,0,handshake
2022-01-13 11:06:16.833121,99,176.32.101.122,443,SSL,0,handshake
2022-01-13 11:06:16.993435,54,176.32.101.122,443,TCP,160,ack
2022-01-13 11:06:16.993590,576,176.32.101.122,443,SSL,0,illegitimate_packet
2022-01-13 11:06:16.994032,491,176.32.101.122,443,SSL,0,illegitimate_packet
2022-01-13 11:06:17.198505,54,176.32.101.122,443,TCP,204,ack
2022-01-13 11:06:34.938516,66,52.95.113.144,443,TCP,30428,ack
2022-01-13 11:06:34.938516,100,52.95.113.144,443,SSL,0,syn
2022-01-13 11:07:04.506513,100,52.95.113.144,443,SSL,29567,syn
2022-01-13 11:07:16.294731,74,54.192.156.112,443,TCP,0,retransmit
2022-01-13 11:07:16.386044,66,54.192.156.112,443,TCP,91,ack
2022-01-13 11:07:16.386044,66,54.192.156.112,443,TCP,0,ack
2022-01-13 11:07:16.386208,273,54.192.156.112,443,SSL,0,handshake
2022-01-13 11:07:16.488420,66,54.192.156.112,443,TCP,102,ack
2022-01-13 11:07:16.488628,66,54.192.156.112,443,TCP,0,ack
2022-01-13 11:07:16.489846,66,54.192.156.112,443,TCP,1,ack
2022-01-13 11:07:16.490042,66,54.192.156.112,443,TCP,0,ack
2022-01-13 11:07:16.502605,192,54.192.156.112,443,SSL,12,handshake
2022-01-13 11:07:16.590919,119,54.192.156.112,443,SSL,88,illegitimate_packet
2022-01-13 11:07:16.591106,122,54.192.156.112,443,SSL,0,illegitimate_packet
2022-01-13 11:07:16.592338,108,54.192.156.112,443,SSL,1,illegitimate_packet
2022-01-13 11:07:16.592338,524,54.192.156.112,443,SSL,0,illegitimate_packet
2022-01-13 11:07:16.592338,104,54.192.156.112,443,SSL,0,illegitimate_packet
2022-01-13 11:07:16.729195,66,54.192.156.112,443,TCP,136,ack
2022-01-13 11:07:17.001218,66,54.192.156.112,443,TCP,272,ack
2022-01-13 11:07:17.004376,500,54.192.156.112,443,SSL,3,illegitimate_packet
2022-01-13 11:07:17.314775,66,54.192.156.112,443,TCP,310,ack
2022-01-13 11:07:17.314775,97,54.192.156.112,443,SSL,0,handshake
2022-01-13 11:07:17.315074,66,54.192.156.112,443,TCP,0,ack
2022-01-13 11:07:17.409120,66,54.192.156.112,443,TCP,94,ack
2022-01-13 11:07:24.579975,74,54.232.82.61,443,TCP,0,retransmit
2022-01-13 11:07:24.885567,66,54.232.82.61,443,TCP,305,ack
2022-01-13 11:07:24.887359,501,54.232.82.61,443,SSL,1,handshake
2022-01-13 11:07:25.192172,66,54.232.82.61,443,TCP,304,ack
2022-01-13 11:07:25.192746,66,54.232.82.61,443,TCP,0,ack
2022-01-13 11:07:25.193326,66,54.232.82.61,443,TCP,0,ack
2022-01-13 11:07:25.193536,66,54.232.82.61,443,TCP,0,ack
2022-01-13 11:07:25.226089,66,54.232.82.61,443,TCP,32,ack
2022-01-13 11:07:25.226089,66,54.232.82.61,443,TCP,0,ack
2022-01-13 11:07:25.226089,66,54.232.82.61,443,TCP,0,ack
2022-01-13 11:07:25.226089,66,54.232.82.61,443,TCP,0,ack
2022-01-13 11:07:25.241756,141,54.232.82.61,443,SSL,15,handshake
2022-01-13 11:07:25.241756,72,54.232.82.61,443,SSL,0,handshake
2022-01-13 11:07:25.241928,111,54.232.82.61,443,SSL,0,handshake
2022-01-13 11:07:25.499433,66,54.232.82.61,443,TCP,257,ack
2022-01-13 11:07:25.499603,66,54.232.82.61,443,TCP,0,ack
2022-01-13 11:07:25.499815,322,54.232.82.61,443,SSL,0,illegitimate_packet
2022-01-13 11:07:25.810347,66,54.232.82.61,443,TCP,310,ack
2022-01-13 11:07:25.810543,66,54.232.82.61,443,TCP,0,ack
2022-01-13 11:07:26.113691,66,54.232.82.61,443,TCP,303,ack
2022-01-13 11:07:34.538982,100,52.95.113.144,443,SSL,30032,syn
2022-01-13 11:07:35.849287,298,52.95.113.144,443,SSL,1310,illegitimate_packet
2022-01-13 11:07:36.148201,54,52.95.113.144,443,TCP,298,ack
2022-01-13 11:07:44.345275,99,34.200.54.68,443,SSL,90732,syn
2022-01-13 11:07:44.546153,66,34.200.54.68,443,TCP,200,ack
2022-01-13 11:08:04.525207,54,52.95.113.144,443,TCP,28377,ack
2022-01-13 11:08:04.525207,100,52.95.113.144,443,SSL,0,syn
2022-01-13 11:08:34.547858,100,52.95.113.144,443,SSL,30022,syn
2022-01-13 11:08:53.566372,74,54.192.156.112,443,TCP,0,retransmit
2022-01-13 11:08:53.668072,66,54.192.156.112,443,TCP,101,ack
2022-01-13 11:08:53.668381,66,54.192.156.112,443,TCP,0,ack
2022-01-13 11:08:53.669211,273,54.192.156.112,443,SSL,0,handshake
2022-01-13 11:08:53.770508,66,54.192.156.112,443,TCP,101,ack
2022-01-13 11:08:53.770715,66,54.192.156.112,443,TCP,0,ack
2022-01-13 11:08:53.771946,66,54.192.156.112,443,TCP,1,ack
2022-01-13 11:08:53.772125,66,54.192.156.112,443,TCP,0,ack
2022-01-13 11:08:53.785756,192,54.192.156.112,443,SSL,13,handshake
2022-01-13 11:08:53.873133,119,54.192.156.112,443,SSL,87,illegitimate_packet
2022-01-13 11:08:53.873394,122,54.192.156.112,443,SSL,0,illegitimate_packet
2022-01-13 11:08:53.873626,108,54.192.156.112,443,SSL,0,illegitimate_packet
2022-01-13 11:08:53.875438,440,54.192.156.112,443,SSL,1,illegitimate_packet
2022-01-13 11:08:53.875438,104,54.192.156.112,443,SSL,0,illegitimate_packet
2022-01-13 11:08:54.014356,66,54.192.156.112,443,TCP,138,ack
2022-01-13 11:08:54.179756,66,54.192.156.112,443,TCP,165,ack
2022-01-13 11:08:54.185254,416,54.192.156.112,443,SSL,5,illegitimate_packet
2022-01-13 11:08:54.487253,66,54.192.156.112,443,TCP,301,ack
2022-01-13 11:08:54.487253,97,54.192.156.112,443,SSL,0,handshake
2022-01-13 11:08:54.487474,66,54.192.156.112,443,TCP,0,ack
2022-01-13 11:08:54.589233,66,54.192.156.112,443,TCP,101,ack
2022-01-13 11:09:04.423133,100,52.95.113.144,443,SSL,29875,syn
2022-01-13 11:09:04.468823,74,54.192.156.112,443,TCP,0,retransmit
2022-01-13 11:09:04.522354,66,54.192.156.112,443,TCP,53,ack
2022-01-13 11:09:04.522495,66,54.192.156.112,443,TCP,0,ack
2022-01-13 11:09:04.522644,273,54.192.156.112,443,SSL,0,handshake
2022-01-13 11:09:04.625768,66,54.192.156.112,443,TCP,103,ack
2022-01-13 11:09:04.626750,66,54.192.156.112,443,TCP,0,ack
2022-01-13 11:09:04.627340,66,54.192.156.112,443,TCP,0,ack
2022-01-13 11:09:04.627513,66,54.192.156.112,443,TCP,0,ack
2022-01-13 11:09:04.639615,192,54.192.156.112,443,SSL,12,handshake
2022-01-13 11:09:04.727354,119,54.192.156.112,443,SSL,87,illegitimate_packet
2022-01-13 11:09:04.727606,164,54.192.156.112,443,SSL,0,illegitimate_packet
2022-01-13 11:09:04.727606,463,54.192.156.112,443,SSL,0,illegitimate_packet
2022-01-13 11:09:04.728062,104,54.192.156.112,443,SSL,0,illegitimate_packet
2022-01-13 11:09:04.866559,66,54.192.156.112,443,TCP,138,ack
2022-01-13 11:09:05.034327,66,54.192.156.112,443,TCP,167,ack
2022-01-13 11:09:05.037928,439,54.192.156.112,443,SSL,3,illegitimate_packet
2022-01-13 11:09:05.341897,66,54.192.156.112,443,TCP,303,ack
2022-01-13 11:09:05.342053,97,54.192.156.112,443,SSL,0,handshake
2022-01-13 11:09:05.342489,66,54.192.156.112,443,TCP,0,ack
2022-01-13 11:09:05.445231,66,54.192.156.112,443,TCP,102,ack
2022-01-13 11:09:05.445413,66,54.192.156.112,443,TCP,0,ack
2022-01-13 11:09:15.386644,99,34.200.54.68,443,SSL,90840,syn
2022-01-13 11:09:15.581841,66,34.200.54.68,443,TCP,195,ack
2022-01-13 11:09:34.528248,100,52.95.113.144,443,SSL,30105,syn
2022-01-13 11:10:04.447325,100,52.95.113.144,443,SSL,29919,syn
2022-01-13 11:10:34.460523,100,52.95.113.144,443,SSL,30013,syn
2022-01-13 11:10:46.327810,99,34.200.54.68,443,SSL,90745,syn
2022-01-13 11:10:46.515180,66,34.200.54.68,443,TCP,187,ack
2022-01-13 11:11:04.439913,100,52.95.113.144,443,SSL,29979,syn
2022-01-13 11:11:34.450030,100,52.95.113.144,443,SSL,30010,syn
2022-01-13 11:12:04.443624,100,52.95.113.144,443,SSL,29993,syn
2022-01-13 11:12:17.451373,99,34.200.54.68,443,SSL,90936,syn
2022-01-13 11:12:17.653188,66,34.200.54.68,443,TCP,201,ack
2022-01-13 11:12:25.949468,74,52.220.119.30,443,TCP,0,retransmit
2022-01-13 11:12:26.256156,66,52.220.119.30,443,TCP,306,ack
2022-01-13 11:12:26.261333,501,52.220.119.30,443,SSL,5,handshake
2022-01-13 11:12:26.568546,66,52.220.119.30,443,TCP,307,ack
2022-01-13 11:12:26.568546,66,52.220.119.30,443,TCP,0,ack
2022-01-13 11:12:26.568546,66,52.220.119.30,443,TCP,0,ack
2022-01-13 11:12:26.570017,66,52.220.119.30,443,TCP,1,ack
2022-01-13 11:12:26.570017,66,52.220.119.30,443,TCP,0,ack
2022-01-13 11:12:26.570017,66,52.220.119.30,443,TCP,0,ack
2022-01-13 11:12:26.570017,66,52.220.119.30,443,TCP,0,ack
2022-01-13 11:12:26.570017,66,52.220.119.30,443,TCP,0,ack
2022-01-13 11:12:26.607473,141,52.220.119.30,443,SSL,37,handshake
2022-01-13 11:12:26.607648,72,52.220.119.30,443,SSL,0,handshake
2022-01-13 11:12:26.607761,111,52.220.119.30,443,SSL,0,handshake
2022-01-13 11:12:26.869282,66,52.220.119.30,443,TCP,261,ack
2022-01-13 11:12:26.869282,66,52.220.119.30,443,TCP,0,ack
2022-01-13 11:12:26.869631,322,52.220.119.30,443,SSL,0,illegitimate_packet
2022-01-13 11:12:27.176759,66,52.220.119.30,443,TCP,307,ack
2022-01-13 11:12:27.176995,66,52.220.119.30,443,TCP,0,ack
2022-01-13 11:12:27.483510,66,52.220.119.30,443,TCP,306,ack
2022-01-13 11:12:34.446888,100,52.95.113.144,443,SSL,30003,syn
2022-01-13 11:12:36.124566,298,52.95.113.144,443,SSL,1677,illegitimate_packet
2022-01-13 11:12:36.328654,54,52.95.113.144,443,TCP,204,ack
2022-01-13 11:13:04.451390,54,52.95.113.144,443,TCP,28122,ack
2022-01-13 11:13:04.451390,100,52.95.113.144,443,SSL,0,syn
2022-01-13 11:13:34.465138,100,52.95.113.144,443,SSL,30013,syn
2022-01-13 11:13:40.804395,74,52.20.206.121,443,TCP,0,retransmit
2022-01-13 11:13:41.010114,66,52.20.206.121,443,TCP,205,ack
2022-01-13 11:13:41.010396,498,52.20.206.121,443,SSL,0,handshake
2022-01-13 11:13:41.213409,66,52.20.206.121,443,TCP,203,ack
2022-01-13 11:13:41.214030,66,52.20.206.121,443,TCP,0,ack
2022-01-13 11:13:41.214408,66,52.20.206.121,443,TCP,0,ack
2022-01-13 11:13:41.215454,66,52.20.206.121,443,TCP,1,ack
2022-01-13 11:13:41.216040,66,52.20.206.121,443,TCP,0,ack
2022-01-13 11:13:41.216862,66,52.20.206.121,443,TCP,0,ack
2022-01-13 11:13:41.217203,66,52.20.206.121,443,TCP,0,ack
2022-01-13 11:13:41.261298,141,52.20.206.121,443,SSL,44,handshake
2022-01-13 11:13:41.261298,72,52.20.206.121,443,SSL,0,handshake
2022-01-13 11:13:41.261519,111,52.20.206.121,443,SSL,0,handshake
2022-01-13 11:13:41.418022,66,52.20.206.121,443,TCP,156,ack
2022-01-13 11:13:41.418022,66,52.20.206.121,443,TCP,0,ack
2022-01-13 11:13:41.418330,365,52.20.206.121,443,SSL,0,illegitimate_packet
2022-01-13 11:13:41.419338,1475,52.20.206.121,443,SSL,1,illegitimate_packet
2022-01-13 11:13:41.419524,1475,52.20.206.121,443,SSL,0,illegitimate_packet
2022-01-13 11:13:41.419865,1396,52.20.206.121,443,SSL,0,illegitimate_packet
2022-01-13 11:13:41.423086,1475,52.20.206.121,443,SSL,3,illegitimate_packet
2022-01-13 11:13:41.423086,1475,52.20.206.121,443,SSL,0,illegitimate_packet
2022-01-13 11:13:41.423524,1396,52.20.206.121,443,SSL,0,illegitimate_packet
2022-01-13 11:13:41.423524,1475,52.20.206.121,443,SSL,0,illegitimate_packet
2022-01-13 11:13:41.423524,1475,52.20.206.121,443,SSL,0,illegitimate_packet
2022-01-13 11:13:41.423524,1396,52.20.206.121,443,SSL,0,illegitimate_packet
2022-01-13 11:13:41.623294,1506,52.20.206.121,443,SSL,199,illegitimate_packet
2022-01-13 11:13:41.623294,1061,52.20.206.121,443,SSL,0,illegitimate_packet
2022-01-13 11:13:41.828379,66,52.20.206.121,443,TCP,205,ack
2022-01-13 11:13:41.828540,66,52.20.206.121,443,TCP,0,ack
2022-01-13 11:13:41.835729,74,52.20.206.121,443,TCP,0,retransmit
2022-01-13 11:13:42.032477,66,52.20.206.121,443,TCP,203,ack
2022-01-13 11:13:42.032477,66,52.20.206.121,443,TCP,196,ack
2022-01-13 11:13:42.051602,498,52.20.206.121,443,SSL,19,handshake
2022-01-13 11:13:42.237444,66,52.20.206.121,443,TCP,185,ack
2022-01-13 11:13:42.237444,66,52.20.206.121,443,TCP,0,ack
2022-01-13 11:13:42.237444,66,52.20.206.121,443,TCP,0,ack
2022-01-13 11:13:42.237691,66,52.20.206.121,443,TCP,0,ack
2022-01-13 11:13:42.237691,66,52.20.206.121,443,TCP,0,ack
2022-01-13 11:13:42.237951,66,52.20.206.121,443,TCP,0,ack
2022-01-13 11:13:42.237951,66,52.20.206.121,443,TCP,0,ack
2022-01-13 11:13:42.237951,66,52.20.206.121,443,TCP,0,ack
2022-01-13 11:13:42.278196,141,52.20.206.121,443,SSL,40,handshake
2022-01-13 11:13:42.279373,72,52.20.206.121,443,SSL,1,handshake
2022-01-13 11:13:42.279569,111,52.20.206.121,443,SSL,0,handshake
2022-01-13 11:13:42.442163,66,52.20.206.121,443,TCP,162,ack
2022-01-13 11:13:42.442163,66,52.20.206.121,443,TCP,0,ack
2022-01-13 11:13:42.442966,364,52.20.206.121,443,SSL,0,illegitimate_packet
2022-01-13 11:13:42.443322,1475,52.20.206.121,443,SSL,0,illegitimate_packet
2022-01-13 11:13:42.443664,1475,52.20.206.121,443,SSL,0,illegitimate_packet
2022-01-13 11:13:42.444067,1396,52.20.206.121,443,SSL,0,illegitimate_packet
2022-01-13 11:13:42.444444,1475,52.20.206.121,443,SSL,0,illegitimate_packet
2022-01-13 11:13:42.444936,764,52.20.206.121,443,SSL,0,illegitimate_packet
2022-01-13 11:13:42.445124,1475,52.20.206.121,443,SSL,0,illegitimate_packet
2022-01-13 11:13:42.445607,727,52.20.206.121,443,SSL,0,illegitimate_packet
2022-01-13 11:13:42.445607,207,52.20.206.121,443,SSL,0,illegitimate_packet
2022-01-13 11:13:42.648199,66,52.20.206.121,443,TCP,202,ack
2022-01-13 11:13:42.649546,66,52.20.206.121,443,TCP,1,ack
2022-01-13 11:13:42.658134,74,52.20.206.121,443,TCP,0,retransmit
2022-01-13 11:13:42.851588,66,52.20.206.121,443,TCP,193,ack
2022-01-13 11:13:42.851588,66,52.20.206.121,443,TCP,202,ack
2022-01-13 11:13:42.853773,498,52.20.206.121,443,SSL,2,handshake
2022-01-13 11:13:43.057342,66,52.20.206.121,443,TCP,203,ack
2022-01-13 11:13:43.057746,66,52.20.206.121,443,TCP,0,ack
2022-01-13 11:13:43.057746,66,52.20.206.121,443,TCP,0,ack
2022-01-13 11:13:43.057746,66,52.20.206.121,443,TCP,0,ack
2022-01-13 11:13:43.057746,66,52.20.206.121,443,TCP,0,ack
2022-01-13 11:13:43.057746,66,52.20.206.121,443,TCP,0,ack
2022-01-13 11:13:43.057746,66,52.20.206.121,443,TCP,0,ack
2022-01-13 11:13:43.103724,141,52.20.206.121,443,SSL,45,handshake
2022-01-13 11:13:43.103724,72,52.20.206.121,443,SSL,0,handshake
2022-01-13 11:13:43.103724,111,52.20.206.121,443,SSL,0,handshake
2022-01-13 11:13:43.261393,66,52.20.206.121,443,TCP,157,ack
2022-01-13 11:13:43.261393,66,52.20.206.121,443,TCP,0,ack
2022-01-13 11:13:43.261393,66,52.20.206.121,443,TCP,0,ack
2022-01-13 11:13:43.261595,364,52.20.206.121,443,SSL,0,illegitimate_packet
2022-01-13 11:13:43.262450,1475,52.20.206.121,443,SSL,0,illegitimate_packet
2022-01-13 11:13:43.262972,1475,52.20.206.121,443,SSL,0,illegitimate_packet
2022-01-13 11:13:43.262972,1396,52.20.206.121,443,SSL,0,illegitimate_packet
2022-01-13 11:13:43.263311,1475,52.20.206.121,443,SSL,0,illegitimate_packet
2022-01-13 11:13:43.263311,764,52.20.206.121,443,SSL,0,illegitimate_packet
2022-01-13 11:13:43.263971,1475,52.20.206.121,443,SSL,0,illegitimate_packet
2022-01-13 11:13:43.263971,727,52.20.206.121,443,SSL,0,illegitimate_packet
2022-01-13 11:13:43.264207,1475,52.20.206.121,443,SSL,0,illegitimate_packet
2022-01-13 11:13:43.264207,233,52.20.206.121,443,SSL,0,illegitimate_packet
2022-01-13 11:13:43.467042,66,52.20.206.121,443,TCP,202,ack
2022-01-13 11:13:43.467197,66,52.20.206.121,443,TCP,0,ack
2022-01-13 11:13:43.670906,66,52.20.206.121,443,TCP,203,ack
2022-01-13 11:13:48.383042,99,34.200.54.68,443,SSL,90729,syn
2022-01-13 11:13:48.586222,66,34.200.54.68,443,TCP,203,ack
2022-01-13 11:14:04.467374,100,52.95.113.144,443,SSL,30002,syn
2022-01-13 11:14:34.491478,100,52.95.113.144,443,SSL,30024,syn
2022-01-13 11:15:04.466644,100,52.95.113.144,443,SSL,29975,syn
2022-01-13 11:15:19.416052,99,34.200.54.68,443,SSL,90829,syn
2022-01-13 11:15:19.632620,66,34.200.54.68,443,TCP,216,ack
2022-01-13 11:15:34.593254,100,52.95.113.144,443,SSL,30126,syn
2022-01-13 11:16:04.485590,100,52.95.113.144,443,SSL,29892,syn
2022-01-13 11:16:34.519861,100,52.95.113.144,443,SSL,30034,syn
2022-01-13 11:16:50.351678,99,34.200.54.68,443,SSL,90719,syn
2022-01-13 11:16:50.554972,66,34.200.54.68,443,TCP,203,ack
2022-01-13 11:17:04.490492,100,52.95.113.144,443,SSL,29970,syn
2022-01-13 11:17:27.319396,74,16.170.71.176,443,TCP,0,retransmit
2022-01-13 11:17:27.523145,66,16.170.71.176,443,TCP,203,ack
2022-01-13 11:17:27.528726,501,16.170.71.176,443,SSL,5,handshake
2022-01-13 11:17:27.727552,66,16.170.71.176,443,TCP,198,ack
2022-01-13 11:17:27.727829,66,16.170.71.176,443,TCP,0,ack
2022-01-13 11:17:27.727829,66,16.170.71.176,443,TCP,0,ack
2022-01-13 11:17:27.727829,66,16.170.71.176,443,TCP,0,ack
2022-01-13 11:17:27.727829,66,16.170.71.176,443,TCP,0,ack
2022-01-13 11:17:27.728159,66,16.170.71.176,443,TCP,0,ack
2022-01-13 11:17:27.728159,66,16.170.71.176,443,TCP,0,ack
2022-01-13 11:17:27.728159,66,16.170.71.176,443,TCP,0,ack
2022-01-13 11:17:27.834400,141,16.170.71.176,443,SSL,106,handshake
2022-01-13 11:17:27.834400,117,16.170.71.176,443,SSL,0,handshake
2022-01-13 11:17:28.034469,66,16.170.71.176,443,TCP,200,ack
2022-01-13 11:17:28.034469,66,16.170.71.176,443,TCP,0,ack
2022-01-13 11:17:28.034834,322,16.170.71.176,443,SSL,0,illegitimate_packet
2022-01-13 11:17:28.249967,66,16.170.71.176,443,TCP,215,ack
2022-01-13 11:17:28.249967,66,16.170.71.176,443,TCP,0,ack
2022-01-13 11:17:28.444637,66,16.170.71.176,443,TCP,194,ack
2022-01-13 11:17:34.490285,100,52.95.113.144,443,SSL,29999,syn
2022-01-13 11:17:36.329675,298,52.95.113.144,443,SSL,1839,illegitimate_packet
2022-01-13 11:17:36.635298,54,52.95.113.144,443,TCP,305,ack
2022-01-13 11:18:04.495672,54,52.95.113.144,443,TCP,27860,ack
2022-01-13 11:18:04.495672,100,52.95.113.144,443,SSL,0,syn
2022-01-13 11:18:21.408384,99,34.200.54.68,443,SSL,90853,syn
2022-01-13 11:18:21.590466,66,34.200.54.68,443,TCP,182,ack
2022-01-13 11:18:34.521443,100,52.95.113.144,443,SSL,30025,syn
2022-01-13 11:19:04.516050,100,52.95.113.144,443,SSL,29994,syn
2022-01-13 11:19:34.536308,100,52.95.113.144,443,SSL,30020,syn
2022-01-13 11:19:40.850882,74,54.166.21.152,443,TCP,0,retransmit
2022-01-13 11:19:41.055910,66,54.166.21.152,443,TCP,205,ack
2022-01-13 11:19:41.056504,498,54.166.21.152,443,SSL,0,handshake
2022-01-13 11:19:41.261552,66,54.166.21.152,443,TCP,205,ack
2022-01-13 11:19:41.261552,66,54.166.21.152,443,TCP,0,ack
2022-01-13 11:19:41.262169,66,54.166.21.152,443,TCP,0,ack
2022-01-13 11:19:41.263113,66,54.166.21.152,443,TCP,0,ack
2022-01-13 11:19:41.263113,66,54.166.21.152,443,TCP,0,ack
2022-01-13 11:19:41.263783,66,54.166.21.152,443,TCP,0,ack
2022-01-13 11:19:41.264056,66,54.166.21.152,443,TCP,0,ack
2022-01-13 11:19:41.305175,141,54.166.21.152,443,SSL,41,handshake
2022-01-13 11:19:41.305368,72,54.166.21.152,443,SSL,0,handshake
2022-01-13 11:19:41.305603,111,54.166.21.152,443,SSL,0,handshake
2022-01-13 11:19:41.464865,66,54.166.21.152,443,TCP,159,ack
2022-01-13 11:19:41.464865,66,54.166.21.152,443,TCP,0,ack
2022-01-13 11:19:41.465490,364,54.166.21.152,443,SSL,0,illegitimate_packet
2022-01-13 11:19:41.466668,1228,54.166.21.152,443,SSL,1,illegitimate_packet
2022-01-13 11:19:41.670451,66,54.166.21.152,443,TCP,203,ack
2022-01-13 11:19:41.670451,66,54.166.21.152,443,TCP,0,ack
2022-01-13 11:19:41.874093,66,54.166.21.152,443,TCP,203,ack
2022-01-13 11:19:51.503140,74,192.168.1.130,55443,TCP,0,retransmit
2022-01-13 11:19:52.340892,99,34.200.54.68,443,SSL,90750,syn
2022-01-13 11:19:52.529286,74,192.168.1.130,55443,TCP,1026,retransmit
2022-01-13 11:19:52.529404,66,34.200.54.68,443,TCP,188,ack
2022-01-13 11:19:54.484631,74,192.168.1.130,55443,TCP,1955,retransmit
2022-01-13 11:19:58.496636,74,192.168.1.130,55443,TCP,4012,retransmit
2022-01-13 11:20:04.514337,100,52.95.113.144,443,SSL,29978,syn
2022-01-13 11:20:11.590078,74,192.168.1.130,55443,TCP,0,retransmit
2022-01-13 11:20:12.491503,74,192.168.1.130,55443,TCP,901,retransmit
2022-01-13 11:20:14.488967,74,192.168.1.130,55443,TCP,1997,retransmit
2022-01-13 11:20:18.535363,74,192.168.1.130,55443,TCP,4046,retransmit
2022-01-13 11:20:31.545903,74,192.168.1.130,55443,TCP,0,retransmit
2022-01-13 11:20:32.488670,74,192.168.1.130,55443,TCP,942,retransmit
2022-01-13 11:20:34.512579,74,192.168.1.130,55443,TCP,2023,retransmit
2022-01-13 11:20:34.512579,100,52.95.113.144,443,SSL,29998,syn
2022-01-13 11:20:38.504956,74,192.168.1.130,55443,TCP,3992,retransmit
2022-01-13 11:20:51.545068,74,192.168.1.130,55443,TCP,0,retransmit
2022-01-13 11:20:52.533601,74,192.168.1.130,55443,TCP,988,retransmit
2022-01-13 11:20:54.493031,74,192.168.1.130,55443,TCP,1959,retransmit
2022-01-13 11:20:58.504851,74,192.168.1.130,55443,TCP,4011,retransmit
2022-01-13 11:21:04.512692,100,52.95.113.144,443,SSL,30000,syn
2022-01-13 11:21:11.509685,74,192.168.1.130,55443,TCP,0,retransmit
2022-01-13 11:21:12.506512,74,192.168.1.130,55443,TCP,996,retransmit
2022-01-13 11:21:14.552464,74,192.168.1.130,55443,TCP,2045,retransmit
2022-01-13 11:21:18.546452,74,192.168.1.130,55443,TCP,3993,retransmit
2022-01-13 11:21:23.356042,99,34.200.54.68,443,SSL,90826,syn
2022-01-13 11:21:23.564264,66,34.200.54.68,443,TCP,208,ack
2022-01-13 11:21:34.521851,100,52.95.113.144,443,SSL,30009,syn
2022-01-13 11:22:04.530591,100,52.95.113.144,443,SSL,30008,syn
2022-01-13 11:22:28.381924,74,52.57.133.95,443,TCP,0,retransmit
2022-01-13 11:22:28.484024,66,52.57.133.95,443,TCP,102,ack
2022-01-13 11:22:28.484024,501,52.57.133.95,443,SSL,0,handshake
2022-01-13 11:22:28.585448,66,52.57.133.95,443,TCP,101,ack
2022-01-13 11:22:28.585985,66,52.57.133.95,443,TCP,0,ack
2022-01-13 11:22:28.585985,66,52.57.133.95,443,TCP,0,ack
2022-01-13 11:22:28.585985,66,52.57.133.95,443,TCP,0,ack
2022-01-13 11:22:28.585985,66,52.57.133.95,443,TCP,0,ack
2022-01-13 11:22:28.585985,66,52.57.133.95,443,TCP,0,ack
2022-01-13 11:22:28.585985,66,52.57.133.95,443,TCP,0,ack
2022-01-13 11:22:28.585985,66,52.57.133.95,443,TCP,0,ack
2022-01-13 11:22:28.630757,141,52.57.133.95,443,SSL,44,handshake
2022-01-13 11:22:28.631336,72,52.57.133.95,443,SSL,0,handshake
2022-01-13 11:22:28.631562,111,52.57.133.95,443,SSL,0,handshake
2022-01-13 11:22:28.686926,66,52.57.133.95,443,TCP,55,ack
2022-01-13 11:22:28.687141,66,52.57.133.95,443,TCP,0,ack
2022-01-13 11:22:28.687352,322,52.57.133.95,443,SSL,0,illegitimate_packet
2022-01-13 11:22:28.795533,66,52.57.133.95,443,TCP,108,ack
2022-01-13 11:22:28.795533,66,52.57.133.95,443,TCP,0,ack
2022-01-13 11:22:28.892926,66,52.57.133.95,443,TCP,97,ack
2022-01-13 11:22:34.535023,100,52.95.113.144,443,SSL,30004,syn
2022-01-13 11:22:36.605932,298,52.95.113.144,443,SSL,2070,illegitimate_packet
